coinc_event_id,ifos,snr
0,"H1,K1,V1",9.222875339138676
2,"H1,K1,L1,V1",8.356897415445532
4,"K1,L1,V1",13.15155149442758
6,"L1,V1",8.924484272538017
7,"H1,K1,L1,V1",11.70485601820724
8,"H1,K1,L1,V1",12.54240856902373
9,"H1,K1,L1,V1",10.52452508154532
10,"H1,K1,L1",17.95922291554206
11,"H1,K1,L1,V1",8.370195123863661
12,"H1,K1,L1,V1",8.24765196246439
14,"H1,K1,L1,V1",10.9640158332944
16,"K1,L1,V1",9.291033688467722
17,"H1,K1,L1,V1",8.12954478869308
18,"H1,K1,L1,V1",8.765474467860567
19,"H1,K1,L1,V1",8.10596889956083
20,"H1,K1,V1",9.18964335518112
21,"H1,K1,L1,V1",8.623337223724839
22,"L1,V1",22.96383172264301
23,"H1,K1,L1,V1",9.0216011806149
24,"H1,K1,V1",23.53304924725726
25,"H1,K1,L1,V1",8.64761638366154
26,"H1,K1",8.976533393670747
27,"H1,L1",8.205919734659117
28,"K1,L1,V1",60.21333340414006
29,"H1,L1,V1",11.45369447429476
30,"K1,L1,V1",11.02483453637895
34,"K1,L1,V1",10.95897970957511
35,"H1,K1,L1,V1",10.03384659874597
36,"H1,K1,L1,V1",18.05958262765516
37,"H1,K1,L1",9.321967131338305
39,"H1,K1,L1,V1",9.164244905453874
40,"H1,K1,V1",8.829812244962547
41,"K1,L1,V1",90.62545183015467
42,"K1,L1",8.503696362473885
43,"H1,L1,V1",8.891223539035872
44,"H1,K1,L1,V1",8.326410032706393
47,"H1,K1,V1",9.512082947910091
48,"H1,K1,L1,V1",8.230891323184975
49,"L1,V1",9.197026749024758
51,"H1,L1,V1",10.53405113880507
54,"K1,L1,V1",23.9260733818126
55,"H1,K1,L1,V1",8.27334654615293
56,"H1,K1,L1",11.98826000797094
57,"H1,K1,L1,V1",9.141270477622774
58,"L1,V1",11.24939507656704
59,"H1,K1,L1,V1",8.387020812256425
60,"K1,L1,V1",8.431365289149436
61,"H1,K1",9.366411410069231
62,"L1,V1",9.913807319624931
63,"K1,L1,V1",10.66665045130581
64,"H1,K1,L1,V1",8.229825726005954
65,"K1,V1",19.66070147812017
67,"H1,K1,L1,V1",8.158293498017663
68,"H1,K1,L1,V1",8.77400774137772
69,"H1,K1,L1,V1",8.126340594595023
71,"H1,L1,V1",10.31815138540245
72,"H1,K1,L1,V1",8.284050850860465
73,"H1,K1,L1,V1",10.98504986795542
75,"H1,L1,V1",10.31707708060032
76,"H1,K1,V1",10.3973723771824
77,"H1,L1,V1",17.97569363366428
78,"H1,K1,L1,V1",18.91341007340581
79,V1,8.365702745121931
80,"H1,K1,L1,V1",8.799110028629025
81,"H1,K1",8.920653249925754
82,"H1,K1,L1,V1",10.97934299096896
85,"H1,K1,L1,V1",9.27929360930722
87,"H1,K1,L1,V1",12.42667174836127
88,"K1,L1,V1",8.773546751004494
89,"H1,V1",8.030149323218758
90,"H1,K1,L1,V1",11.30473318222145
91,"H1,K1,V1",11.92126086377159
93,"H1,L1,V1",8.987842412508313
94,"H1,K1,L1,V1",10.37419681228548
96,"H1,L1,V1",30.80420521143852
97,"H1,K1,L1,V1",8.316043615213617
98,"H1,K1,L1,V1",9.18459176451332
99,"H1,K1,V1",8.012650467276295
101,"L1,V1",10.30472728459064
102,"H1,V1",10.34563375327648
103,"H1,K1,L1,V1",10.3018468773918
104,"H1,K1,L1,V1",8.463725126533832
105,"H1,K1",9.986592937166884
107,"H1,L1,V1",9.647708810035937
111,"H1,K1,V1",13.64901159845196
114,"H1,L1,V1",16.2347218692164
115,"K1,L1,V1",13.19563693988867
116,"H1,K1,L1",8.742963878222822
117,"H1,K1,L1,V1",9.184758219532384
118,"H1,K1,V1",11.89897174639528
119,"H1,L1",9.433092738025612
120,"H1,K1,L1",26.41360202312472
121,"H1,K1,L1,V1",8.742665369389707
122,"H1,K1,L1,V1",8.722682816232542
123,"H1,L1,V1",10.96039495757754
124,"H1,L1,V1",8.96424732517619
125,"H1,K1,L1,V1",15.07827241649615
126,"H1,K1,L1,V1",12.96753307858582
127,"H1,K1,L1,V1",8.162083042785468
129,"H1,L1",8.310593811484553
130,"H1,L1,V1",9.994128211142554
131,"H1,K1,L1",10.40506726095446
132,"H1,K1,L1,V1",8.31355180075419
133,"H1,K1,L1,V1",12.92172861709586
135,"H1,K1,L1,V1",14.2636026831113
136,"H1,L1,V1",9.709951183373546
137,"H1,K1,L1,V1",18.8209322236332
139,"H1,L1,V1",12.02445788025805
141,"H1,L1,V1",8.13569675768143
142,"H1,K1,V1",8.65280768765723
143,"H1,L1,V1",9.952189347724152
144,"H1,K1,L1,V1",17.24297985582207
145,"H1,L1,V1",16.10958072622903
146,"H1,K1,V1",12.06022329696581
152,"H1,K1,L1,V1",10.29112234157185
153,"H1,K1,L1,V1",11.32486157332344
154,"H1,K1,L1,V1",9.321834444553696
155,"H1,K1,L1,V1",13.96144217233356
156,"H1,K1,L1,V1",12.9399236304279
157,"H1,K1,L1",9.615124081458733
158,"H1,K1,L1,V1",8.151820665455277
159,"H1,K1,L1,V1",11.30702261552463
160,"H1,K1,L1",19.20914750054991
161,"H1,K1,L1,V1",8.219798756659095
162,"H1,K1,L1,V1",9.854085133723602
163,"H1,K1,L1,V1",9.300784794474508
165,"H1,L1,V1",8.339486718116182
167,"H1,K1,L1,V1",13.43190262058192
168,"L1,V1",8.333706010493868
169,"K1,L1,V1",9.445991035918752
171,"H1,K1,L1,V1",8.658688267205617
172,"H1,K1,L1,V1",8.215394684322154
173,"H1,L1,V1",11.31794363424408
174,"H1,K1",8.590137953800916
175,"H1,K1,L1,V1",8.384987344331174
176,"H1,K1,L1",8.23186919141243
177,"H1,K1,L1,V1",8.825664018067837
179,"H1,K1,L1,V1",13.83332393114367
180,"K1,L1,V1",11.31930629676172
181,"H1,K1,L1,V1",11.58096599168318
183,"H1,K1,L1,V1",8.085080571520978
184,"H1,K1,V1",10.13847559475401
185,"K1,L1,V1",8.444268649558605
187,"H1,L1,V1",8.765464427407633
189,"H1,K1,L1,V1",12.6547910805804
190,"H1,K1,L1,V1",8.260304654406234
191,"H1,K1,L1,V1",12.02923681818864
193,"H1,K1,L1,V1",9.03276612325478
194,"K1,L1,V1",9.047899023498791
195,"K1,L1,V1",10.39363843395488
197,"H1,K1,L1,V1",11.17172394539769
198,"H1,K1,L1,V1",9.16961748105312
200,"H1,L1,V1",12.4155783513219
201,"H1,K1,L1,V1",8.958406971758398
202,"H1,K1,L1,V1",8.050829869380257
203,"K1,L1,V1",13.61864343250314
204,"H1,K1,L1,V1",9.699682499907183
205,"H1,K1,L1,V1",8.312686124257844
206,"K1,L1,V1",16.15394283045557
207,"K1,L1,V1",22.27301690426489
209,"H1,K1,L1,V1",15.89497532170234
211,"H1,K1,L1",17.5810730339343
212,"H1,K1,L1,V1",16.87531403706753
214,"H1,L1,V1",9.341762835967357
215,"H1,K1,L1,V1",8.324694862770068
217,"H1,K1,V1",8.054167664163224
218,"H1,K1,L1,V1",8.009407972703508
219,"H1,K1,L1,V1",8.02661664929502
220,"H1,K1,L1",10.46968720328079
221,"H1,L1,V1",8.060997078090102
222,"K1,L1,V1",9.334945755740234
223,"H1,K1,L1,V1",8.275919202972485
224,"H1,K1,L1",9.039793239366295
225,"L1,V1",8.230113724241974
226,"H1,K1,L1,V1",9.998295822569
227,"H1,K1,L1,V1",12.83850832125137
228,"H1,K1,L1,V1",9.356384121539625
229,"H1,K1,V1",8.851880899215026
230,"H1,K1,L1",10.14697322918792
231,"H1,L1",8.380231288653647
232,"H1,K1,V1",9.265716006295674
233,"H1,K1,V1",17.61928775531707
234,"K1,L1,V1",10.11848492907508
235,"H1,K1,V1",12.08252440551893
236,"H1,K1,L1,V1",9.468813401068308
237,"H1,K1,V1",9.661519600066311
238,"H1,L1",9.84578098992592
239,"H1,K1,L1,V1",8.408787560261288
241,"H1,K1,V1",9.68047408100233
242,"H1,K1,L1",11.87687435399965
243,"H1,V1",12.96158417225317
244,"H1,K1,L1,V1",14.57274666644395
245,"H1,K1,L1",8.96136519079839
246,"K1,L1,V1",8.01476234826987
247,"H1,L1,V1",10.17660829482693
248,"H1,L1,V1",10.50027498164144
249,"H1,L1,V1",16.84178501646284
251,"H1,K1,L1",11.47594865747297
252,"H1,L1,V1",9.61191524772714
253,"H1,K1,L1,V1",29.31423605789014
254,"H1,L1,V1",23.6926514559087
256,"H1,K1,L1,V1",8.375157458559269
257,"H1,K1,L1,V1",13.15265421225306
258,"H1,K1,V1",8.32492016572143
259,"H1,L1,V1",12.80507068801633
260,"H1,K1,L1,V1",11.34739678013216
261,"H1,L1,V1",9.215331692502176
262,"H1,K1,L1,V1",10.18660245217403
263,"H1,L1,V1",8.663870340743086
266,"H1,K1,L1,V1",8.00423191976043
268,"H1,L1,V1",11.49868535941525
269,"H1,K1,L1,V1",10.84992499402185
270,"H1,K1,L1",19.71983060004581
271,"H1,K1,L1,V1",8.214475538257712
272,"H1,K1,L1,V1",9.846460141804542
273,"H1,K1,L1,V1",10.15380689305501
274,"H1,K1,V1",14.2831715862309
276,"H1,K1,L1,V1",14.14633282995822
277,"K1,L1,V1",11.18793200553161
279,"H1,K1,L1,V1",9.146300544599246
280,"H1,K1,L1",8.747131844635575
281,"H1,L1",29.96907792681958
282,"H1,K1,L1,V1",8.135493334356447
283,"H1,L1,V1",12.24971439257195
284,"H1,K1,L1,V1",12.00596142542667
285,"H1,K1,L1,V1",8.595718031917624
286,"H1,K1,L1",9.722072090441548
287,"K1,L1",8.318981250111035
288,"H1,L1",10.19661808015545
290,"H1,K1,V1",8.205686437443763
291,"H1,L1,V1",13.26324595334587
293,"H1,K1,L1,V1",15.72970153283787
294,"H1,K1,L1",22.47260963491834
296,"H1,L1,V1",11.25129631624449
298,"H1,K1,L1,V1",8.212402693200007
299,"H1,K1,L1",10.25796771409449
300,"H1,L1,V1",9.159876859395329
301,"H1,K1,L1",8.756802996977779
302,"K1,L1,V1",9.187772650179964
303,"H1,K1,L1,V1",11.28288525178973
304,"H1,K1,L1,V1",12.65314875593482
305,"K1,L1,V1",8.241254999064534
306,"H1,L1,V1",9.415546009268354
307,"H1,V1",9.228368514668926
310,"H1,K1,V1",11.49911502783282
312,"H1,K1,L1,V1",9.598785412247354
313,"H1,K1,L1,V1",11.22777817994658
314,"H1,K1,V1",10.64897070893922
315,"H1,K1,L1,V1",9.578875015768626
316,"H1,L1,V1",9.876034755808368
317,"H1,K1,L1,V1",8.658446211428648
318,"K1,L1,V1",9.702544526531748
320,"H1,K1,L1,V1",8.438172597161065
321,"H1,L1",18.55057390822253
325,"K1,L1,V1",11.8237371918325
326,"H1,K1,L1",8.687003053840831
327,"H1,L1,V1",9.129244769408572
328,"K1,L1,V1",8.629827121551719
329,"H1,K1,L1,V1",9.853318101449029
331,"K1,L1",9.221776507928308
332,"H1,L1",10.99819567643719
334,"K1,L1,V1",11.85862487269425
335,"H1,K1,L1,V1",8.686142063726134
336,"H1,L1,V1",25.2204200051239
338,"H1,K1,L1",9.398164336804673
339,"H1,K1,L1,V1",9.77571983656949
340,"H1,L1,V1",10.87814948326962
341,"H1,K1,L1,V1",9.31132312030471
343,"H1,K1,L1,V1",10.50984868284013
344,"H1,L1,V1",12.92238406865996
345,"H1,K1,L1,V1",8.398170517728285
347,"H1,K1,L1,V1",8.881904351213153
348,"H1,K1,V1",9.87013463628834
349,"H1,K1,L1,V1",9.318545769652296
350,"H1,L1,V1",9.193942914936216
351,"H1,K1,L1",14.33142712331284
352,"H1,V1",10.31433325224486
353,"H1,K1,L1,V1",8.322943393573254
354,"K1,L1,V1",9.947936508649002
355,"H1,K1,L1,V1",11.39169939136058
357,"H1,L1,V1",11.31262958594663
360,"H1,K1,L1,V1",8.920146872983821
361,"H1,L1,V1",8.148168305917851
362,"H1,K1,L1,V1",8.430413955441464
363,"H1,K1,L1,V1",8.166601274652248
364,"H1,K1,L1",13.43168297823667
366,"H1,K1,L1,V1",10.10083965934452
367,"H1,L1,V1",9.423945833938555
369,"L1,V1",8.3222535680393
370,"H1,L1,V1",9.990890926950147
372,"H1,K1,L1",9.993216312390556
373,"H1,L1,V1",9.049946621419878
375,"H1,K1,L1,V1",8.768692262226436
376,"K1,L1,V1",9.04415287395744
377,"H1,K1,L1",9.966646207455833
378,"K1,L1,V1",8.400547574820656
380,"H1,L1",8.431945264613871
381,"H1,K1,L1,V1",9.407591113466214
382,H1,8.685852587331926
385,"H1,K1,V1",9.062912164933683
387,"K1,L1,V1",10.57311641298439
388,"H1,K1,L1,V1",10.67242155849832
390,"H1,L1,V1",10.46080569178332
393,"H1,K1,L1,V1",10.83358434740324
394,"H1,K1,V1",16.28227977444647
395,"H1,L1,V1",8.74731090151938
396,"H1,K1,L1",11.21298929376601
397,"H1,K1,L1,V1",14.98428976391377
398,"H1,L1",10.96473363163757
399,"H1,K1,V1",9.069564290323344
400,"H1,K1,L1,V1",10.66972154521294
401,"K1,V1",9.423442563843912
402,"H1,K1,V1",8.28533162071977
403,"H1,K1,L1,V1",13.06391559872267
404,"H1,L1,V1",9.892789431598192
405,"H1,K1,L1,V1",8.250585552705939
406,"K1,V1",8.592280689308362
409,"K1,L1,V1",17.62861449605736
411,"K1,L1,V1",11.19075740931078
412,"H1,K1,L1,V1",8.158633420681543
413,"H1,K1,L1,V1",12.59459867257607
414,"K1,L1",10.34047085576866
416,"H1,K1,L1,V1",10.25156797161902
417,H1,12.44857031105895
419,"H1,K1,L1,V1",8.360059230447678
421,"H1,K1,L1",8.928101974272105
422,"H1,K1,L1,V1",23.78024687494401
424,"H1,K1,L1",8.75866471264274
425,"K1,L1,V1",8.056626714854405
426,"H1,K1,L1",15.3654749749241
428,"H1,K1,L1,V1",11.41660090742569
429,"H1,K1,L1,V1",17.51927387207857
430,"H1,K1,L1,V1",9.326038303471648
431,"H1,K1,L1,V1",8.433715357273378
432,"H1,L1,V1",18.24193169064509
436,"H1,K1,L1,V1",9.528195140248258
437,"H1,K1,L1,V1",8.57082596137655
438,"H1,K1,L1,V1",9.753007029355302
439,"H1,K1,L1,V1",8.900325772633419
440,"H1,K1,L1",8.584000450224952
441,"H1,K1,L1,V1",8.716478115640097
442,"H1,L1,V1",9.052151705379304
443,"H1,V1",9.289063395135395
445,"H1,K1,V1",8.072888324918523
446,"H1,K1,L1,V1",10.25182774890796
447,"H1,K1,L1,V1",8.461117306049148
448,"H1,L1",8.676146634944846
449,"H1,K1,L1,V1",8.640258163605258
450,"H1,K1,L1,V1",11.33929538622774
451,"H1,K1,L1",28.90362766702433
453,"K1,L1,V1",11.45411340512233
454,"H1,L1,V1",11.95976807778655
455,"H1,K1,L1,V1",9.11983887301486
456,"H1,K1,L1,V1",8.650186836103561
457,"H1,V1",15.84490799982842
458,"H1,K1,L1,V1",8.331730938656854
459,"H1,K1,L1,V1",8.36122653858924
460,"K1,L1",11.24567247820733
464,"H1,K1,L1,V1",9.669019125162333
467,"H1,L1,V1",16.72178750899918
468,"H1,K1,L1,V1",9.574326510894489
469,"H1,K1,L1,V1",8.243580939661554
470,"K1,L1,V1",15.36320551389265
471,"H1,K1,L1,V1",9.784893203161143
472,"H1,K1,V1",17.97633024850236
473,"H1,K1,V1",11.95936082966755
474,"H1,K1,L1,V1",8.547667729167841
476,"H1,K1,V1",12.48885018282597
477,"H1,K1,L1",44.61131604921356
478,"H1,L1,V1",23.44849772108189
479,"H1,K1,V1",10.27030821008923
480,"K1,L1,V1",11.26786317452974
481,"H1,K1,V1",9.226657914927872
482,"H1,K1,L1,V1",9.235862911194856
483,"K1,L1",15.89841125877416
484,"L1,V1",11.11114653640476
485,"H1,K1,L1,V1",9.13684098424347
488,"K1,L1,V1",9.298360520141731
491,"H1,L1,V1",13.67199659920494
492,"H1,K1,L1,V1",15.35959129518922
493,"K1,V1",8.837152207705202
494,"H1,K1,L1,V1",14.15322703796369
496,"H1,K1,L1,V1",9.040677563122072
497,"H1,L1,V1",9.404126047071388
498,"H1,K1,L1,V1",15.42366320634232
499,"H1,L1,V1",17.42968807854706
500,"H1,K1,L1",9.199285198684482
503,"H1,K1,L1,V1",13.63920396510668
506,"L1,V1",19.99438189722022
507,"H1,K1,L1,V1",11.07794004735744
508,"H1,K1,L1,V1",9.899377626745794
509,"H1,L1,V1",10.59072328635507
511,"H1,K1,L1,V1",12.42912092835068
512,"H1,L1,V1",13.1313371366324
513,"H1,K1,L1,V1",9.8052445210604
514,"K1,L1,V1",8.96452583765758
516,"K1,L1,V1",10.13141845890388
519,"K1,L1,V1",9.500081311250208
520,"H1,L1,V1",14.13985949744058
521,"H1,K1,L1,V1",8.588782768009766
522,"H1,K1,L1,V1",9.512096068656698
523,"H1,K1,L1,V1",8.37086736542907
524,"K1,L1,V1",11.19177357291171
525,"H1,K1,L1,V1",8.183011126204736
526,"H1,K1,L1,V1",10.060178446281
527,"H1,K1,L1,V1",8.17905745143453
528,"H1,K1,L1,V1",9.679600220135333
530,"H1,K1,L1,V1",11.15907194816557
531,"H1,L1",21.63411192469535
532,"H1,K1,L1,V1",13.65510316434476
533,"H1,L1",8.042817536682017
534,"H1,L1,V1",16.64373133310971
535,"H1,K1,L1,V1",46.28182831069538
536,"H1,L1,V1",10.9927158775249
537,"H1,L1,V1",9.716241541779652
540,"H1,K1,L1,V1",9.14211088880065
541,"H1,L1,V1",9.541869748955468
542,"H1,K1,L1,V1",8.172855905049119
543,"H1,L1,V1",10.11990871862792
544,"H1,L1,V1",10.5186144998695
545,"K1,L1,V1",18.29052452646332
546,"H1,K1,L1,V1",10.65983950140152
547,"H1,K1,V1",8.492804241745771
548,"H1,K1,L1,V1",25.04521547251139
549,"H1,V1",11.38739848766104
550,"H1,K1,L1",19.30276086233781
551,"K1,L1,V1",12.47548859650855
553,"H1,K1,L1,V1",8.420979957093056
554,"K1,L1",9.597135299752932
555,"H1,L1,V1",15.45543908155164
556,"H1,K1,L1,V1",8.972247861420454
557,"K1,L1,V1",23.80870575604713
558,"K1,L1,V1",8.626812723967587
559,"H1,K1,L1,V1",9.454830217074466
560,"H1,K1,L1",8.317868171709618
561,"H1,K1,L1,V1",12.50422840148827
563,"H1,K1,L1,V1",13.69305259145513
564,"H1,K1,L1,V1",12.17323691969821
567,"K1,L1,V1",8.378999489619412
568,"K1,L1,V1",10.16156642870172
569,"H1,L1",11.06254843089287
570,"H1,K1,L1,V1",8.230092470859812
573,"H1,K1,L1",8.495278663026909
574,"K1,L1,V1",11.00898137728965
575,"H1,V1",8.643280191995428
576,"H1,K1,L1",9.730382496389392
577,"H1,K1,L1,V1",14.69089363533054
578,"H1,K1,L1,V1",9.15239002402754
579,"H1,K1,L1,V1",8.752277055083647
580,"K1,L1,V1",22.71704485573702
582,"H1,K1,L1,V1",10.26349487536607
583,"H1,K1,L1,V1",9.869630617467644
585,"K1,L1,V1",8.703933752713938
586,"H1,K1,L1,V1",8.337511804002686
587,"H1,L1,V1",12.28052979240646
588,"H1,K1,V1",11.75426803875225
589,"H1,K1,V1",8.229796702236841
592,"H1,K1,L1",8.971501842622104
593,"H1,K1,V1",8.61252159923713
596,"H1,L1,V1",8.926389346658084
598,"H1,K1,L1,V1",8.895384171703396
599,"K1,L1,V1",8.082316206713363
600,"H1,L1,V1",9.367171349228654
601,"H1,K1,L1,V1",8.569588710820684
603,"H1,K1,L1,V1",9.242950449234808
604,"H1,L1,V1",9.081627343326833
606,"K1,L1,V1",11.57729496543847
608,"H1,K1,V1",8.3553155957584
609,"H1,K1,L1,V1",15.58676806230917
610,"H1,K1,L1,V1",12.48459417931325
611,"H1,K1,L1,V1",9.963118886761174
612,"H1,K1,L1,V1",11.22334671949802
613,"H1,K1,L1,V1",9.340324517387442
614,"H1,K1,L1,V1",11.35420647657639
615,"H1,K1,L1,V1",10.81852770967914
616,"H1,L1,V1",10.297354607015
617,"K1,L1,V1",13.57166834935591
618,"H1,V1",9.2604518239464
619,"L1,V1",9.601017688305902
622,"H1,L1,V1",9.075681806107534
623,"K1,L1,V1",9.19154536938667
624,"H1,K1,L1,V1",12.88392873170956
625,"H1,K1,L1,V1",8.682746628026532
626,"H1,L1,V1",9.662859020431632
627,"H1,K1,L1,V1",9.471077425507698
628,"H1,K1,L1,V1",9.372519924818455
629,"H1,K1,L1",8.537234385333928
630,"H1,L1,V1",11.52423352059041
632,"H1,K1,V1",9.278112628573409
633,"H1,K1,L1,V1",9.132413323349168
634,"K1,V1",15.2064157417232
637,H1,11.08755611935686
638,"H1,L1",11.935394629208
639,"H1,K1,L1,V1",8.012505542739257
640,"K1,L1,V1",17.89083419825257
641,"H1,K1,L1,V1",9.365440208636272
642,"H1,L1",20.38135837494868
643,"H1,K1,V1",8.057206752867042
644,"L1,V1",10.06179278423026
646,"H1,K1,L1,V1",18.40801191172715
647,"H1,K1,L1,V1",8.767960171295389
648,"H1,K1,L1",10.7236184342429
649,"H1,K1,L1,V1",8.148326964354307
650,"H1,K1,V1",9.376800341597262
651,"K1,L1,V1",8.882959055279564
652,"H1,L1,V1",25.12710995022514
653,"H1,K1,L1",9.675076647354045
654,"K1,L1,V1",10.25227660579528
655,"H1,K1,L1,V1",8.145154285793424
656,"H1,K1,L1,V1",8.559082530557962
657,"L1,V1",9.739405258005204
660,"H1,K1,L1,V1",8.00514333990728
661,"H1,K1,L1",8.668898159964707
663,"H1,K1,L1,V1",12.68260820020084
664,"H1,K1,L1,V1",9.080066671998438
666,"L1,V1",13.1151677976925
667,"H1,K1,L1,V1",8.494987224607625
668,"H1,L1,V1",16.66252591462507
670,"H1,K1,V1",8.522423379490773
671,"H1,K1,L1,V1",10.08414903135466
672,"K1,L1,V1",8.779053967390146
673,"K1,L1,V1",9.78130870887044
674,"H1,K1,L1,V1",8.89002156938819
675,"H1,K1,L1",10.56180840822135
677,"H1,K1,L1,V1",12.10373859207678
679,"H1,K1,L1,V1",8.950139468701174
680,"H1,K1,L1,V1",16.32951709930743
682,"H1,K1,V1",17.40491011450021
683,"H1,K1,L1,V1",8.935882653330577
684,"H1,L1",9.105533323129308
685,"H1,K1,L1,V1",8.41821608593778
686,"H1,K1,L1,V1",14.35789678267408
687,"H1,K1,V1",8.84183792514148
688,"H1,K1,L1,V1",10.21688032160711
689,"H1,K1,L1,V1",10.15061185238888
691,"H1,K1,L1,V1",9.326079273531652
692,"H1,K1,L1,V1",8.97767762901886
693,"H1,L1",9.827734407055464
694,"H1,K1,V1",9.55851503895278
695,"H1,K1,L1,V1",11.04548231821691
696,"H1,K1,L1",8.924517036925767
698,"H1,V1",8.196163328775638
699,"H1,K1,L1,V1",10.17117316215379
700,"H1,L1,V1",9.751789506363652
701,"H1,K1,L1,V1",8.690027471029635
702,"H1,L1,V1",10.00349670482531
703,L1,12.1938415937238
704,"H1,K1,L1,V1",8.024444609723501
706,"K1,L1,V1",9.9756729897655
707,"L1,V1",8.582229903204167
708,"K1,L1,V1",8.310307294770023
709,L1,18.95697337402675
710,"K1,L1,V1",8.414646381303077
711,"H1,L1,V1",9.922864569697898
713,"H1,K1,L1,V1",9.467771268717383
714,"H1,L1,V1",8.049584167570575
715,"H1,K1,L1,V1",8.310714845174585
717,"H1,K1,L1,V1",8.489386331084258
718,"H1,K1,L1,V1",10.40339126802782
719,"H1,K1,V1",10.33015920317573
720,"K1,L1,V1",10.54521925390176
721,"H1,K1,V1",10.13864314260272
722,"K1,L1,V1",9.455305955964858
723,"H1,K1,L1,V1",10.4783793882744
724,"H1,K1,L1,V1",11.09008541395377
725,"H1,K1,L1,V1",9.29620527300466
726,"H1,K1,L1,V1",8.440513838644508
728,"H1,K1,V1",9.47374889639006
729,"H1,K1,V1",11.87506176660274
730,"H1,K1,L1",8.80099637111264
731,"H1,L1,V1",9.957274510065313
732,"L1,V1",8.804439824126856
733,"K1,L1",20.26959709781577
734,"H1,K1",11.75075462689644
735,"H1,K1,V1",8.189474742092845
736,"H1,K1,L1,V1",16.28629243167113
738,"H1,K1,V1",10.79264641069162
739,"H1,K1,L1,V1",10.65486793837167
740,"H1,K1,L1,V1",12.68945795280233
742,"H1,K1,L1",8.089126402828395
743,"H1,L1,V1",12.33290352144721
744,"H1,K1,L1,V1",9.880007065843452
746,"H1,K1,L1",10.17160916502994
747,"H1,L1,V1",18.52455518963162
748,"H1,K1,L1,V1",8.084009628865335
749,"H1,K1,V1",10.20189810541743
750,H1,15.18610641235535
751,"K1,L1,V1",14.10900239865664
756,"K1,L1",8.415503914455527
757,"H1,K1,L1,V1",8.63264938633107
758,"H1,K1,V1",10.21195865182747
760,"L1,V1",10.57058983377556
761,"H1,K1,L1,V1",33.42306470884716
762,"H1,K1,L1",9.15537737970952
763,"H1,K1,L1,V1",8.8924022498635
764,"H1,K1",9.209714462830032
766,"K1,L1,V1",8.224117386042776
767,"H1,L1,V1",9.278643397285972
768,"H1,K1,L1,V1",8.508805797493693
769,"H1,K1,L1,V1",8.96404263535817
770,"L1,V1",13.91146155722064
771,"H1,K1,L1,V1",9.845618504810814
772,"H1,L1,V1",20.06669070649258
773,"H1,K1,L1,V1",9.054007983768894
777,"H1,K1,L1,V1",8.195113349664878
779,"H1,K1,L1,V1",9.169564085380712
780,"L1,V1",15.21423865277387
782,"K1,L1,V1",9.144159438511783
783,"K1,L1,V1",9.486600566346423
785,"H1,K1,L1,V1",20.88418050857628
786,"H1,K1,L1,V1",10.11180775088736
787,"H1,L1",9.520303728830411
788,"H1,K1,L1",17.74580903262331
789,"H1,K1,V1",9.733551779362593
790,"H1,K1,L1",13.3401128956007
791,"H1,L1,V1",13.21263408442829
794,"H1,K1,L1,V1",9.752566096457452
795,"K1,L1,V1",9.774945263261609
797,"H1,K1,L1,V1",10.81814619872771
799,"H1,K1,L1",8.733860460997084
800,"K1,L1",17.63806114580215
801,"H1,K1,L1",10.34194050586974
802,"H1,L1,V1",8.089619341220034
803,"H1,V1",10.10331180813257
804,"H1,L1,V1",8.080330033312896
805,"H1,K1,L1,V1",8.36792607727091
806,"H1,K1,L1,V1",41.70059967019174
809,"H1,K1,V1",8.519588560061804
810,"H1,L1,V1",14.79947545630802
811,"H1,L1",16.91806639734876
812,"H1,K1,L1,V1",22.515987979653
813,"H1,K1,L1",8.731282499013863
816,"H1,K1,L1,V1",8.023709165148366
817,"K1,L1,V1",9.889506067951997
819,"H1,V1",9.085281902534726
820,"H1,K1,L1,V1",8.418671481159443
821,"H1,L1,V1",8.889278252310039
822,"H1,K1,L1",8.384474361334874
824,"H1,K1,L1,V1",11.53802955016892
825,"H1,K1,L1,V1",8.874038711932585
826,"H1,K1,L1,V1",9.094599173909922
827,"H1,L1,V1",9.39967404967612
829,"H1,L1,V1",8.311674493440862
830,"K1,L1,V1",8.10728156184309
831,"H1,K1,L1",8.98051705984353
832,"H1,K1,L1,V1",8.088903579735735
833,"H1,L1",9.209438722096891
834,"H1,K1,V1",8.518665602153717
835,"H1,K1,L1,V1",9.492970596161744
837,"H1,L1,V1",8.825648881758577
838,"H1,K1,V1",11.27403731181557
839,"H1,K1,L1,V1",19.90978785132131
840,"H1,K1,L1",8.314492342762044
841,"H1,V1",12.02962367251356
842,"L1,V1",10.07024542712548
843,"H1,K1,V1",11.96689914387867
847,"H1,L1,V1",12.59747197918408
848,"H1,K1,L1",32.29183248529577
850,"H1,L1,V1",8.213002466451334
851,"H1,K1",13.97444191653869
852,"H1,L1",9.032081701751972
854,"H1,K1,L1,V1",12.47434090697743
855,"H1,K1,L1",8.196681863760654
857,"H1,L1,V1",10.39616106204806
858,"H1,K1,L1,V1",8.971879106951684
859,"H1,L1,V1",9.380352104480432
860,"H1,K1,L1,V1",14.57880839072503
861,"H1,L1,V1",10.00563791213823
863,"H1,K1,L1,V1",10.69588786826482
864,"H1,K1,L1,V1",19.52403930781639
865,"H1,K1,L1,V1",8.92626546515444
866,"H1,K1,L1,V1",14.1019178037795
867,"H1,L1,V1",12.64624721262684
868,"H1,K1,L1,V1",9.809141392833244
869,"H1,K1,L1,V1",13.26890842322916
870,"H1,L1,V1",15.28275940294686
872,"H1,K1,V1",8.547686774038349
873,"H1,K1,L1,V1",19.5534180875751
874,"H1,K1,L1,V1",11.0553665117671
875,"H1,L1,V1",42.93731409368862
876,"H1,K1,L1,V1",9.716245274097403
877,"H1,K1,L1,V1",11.4127790768813
878,"K1,L1,V1",8.134401941243473
880,"H1,K1,L1,V1",8.120743275368056
881,"H1,K1,L1,V1",8.45142039297561
882,"H1,K1,L1,V1",8.579438253023948
883,"H1,K1,L1,V1",10.09064482841736
884,"K1,L1,V1",8.42032365697205
885,H1,22.19009833984118
886,"K1,L1,V1",9.521108902059863
887,"H1,L1,V1",11.35244628898941
889,"H1,K1,L1,V1",8.90305773228038
890,"H1,K1,V1",9.64825293237876
891,"H1,K1,V1",34.76797348601448
892,"H1,L1,V1",11.04335258612746
893,V1,9.467257612169874
894,"H1,K1,L1,V1",9.408535236182932
895,"H1,K1,L1",9.192255027610962
896,"H1,K1,L1,V1",9.084050197712696
897,"H1,K1,L1,V1",8.088621935618836
898,"H1,K1,L1,V1",9.8229586936592
899,"H1,K1,L1,V1",8.594129553687194
900,"H1,K1,V1",8.771552859895682
901,"H1,K1,L1,V1",8.052861304133359
902,"H1,L1,V1",11.80203090012164
903,"H1,K1,L1,V1",11.044693779413
904,"H1,K1,L1,V1",11.4265737558566
905,"H1,K1,V1",8.76539221365936
906,"K1,L1,V1",8.791240013558532
907,"H1,K1,L1,V1",11.53474136274844
908,"H1,K1,L1,V1",8.178362689394017
909,"K1,L1,V1",13.61476769152591
910,"H1,K1,L1",8.085969863824609
911,"H1,L1,V1",8.955142159025657
912,"K1,L1,V1",17.80883283490551
913,"K1,L1,V1",8.606354084053065
914,"K1,L1,V1",8.761031847857579
916,"H1,K1,V1",15.42672423002041
918,"H1,K1,L1",8.138525031538679
919,"K1,L1,V1",9.087525858665124
920,"H1,K1,L1,V1",10.8443699591107
921,"K1,L1,V1",8.068537726774322
922,"H1,K1,L1,V1",10.37537163037995
923,"K1,L1,V1",8.688402318857477
924,"H1,L1,V1",8.032298162435804
926,"H1,K1,L1,V1",10.32194236081334
927,"H1,K1",8.407184131659525
928,"H1,K1,L1,V1",13.63724714082206
929,"H1,L1,V1",8.44553562179824
930,"H1,K1,L1,V1",8.469373444582883
931,"H1,K1,V1",8.891797781430949
932,"H1,K1,L1,V1",13.14176500167259
933,"H1,K1,L1,V1",27.26192519449004
934,"K1,L1,V1",8.392146685046853
936,"H1,K1,L1,V1",10.57020179892557
938,"H1,K1,L1,V1",10.21923898514119
939,"H1,K1,V1",9.72004852645108
940,"H1,K1,L1,V1",9.121016476909482
942,"H1,K1,L1,V1",8.30249220769533
943,"H1,K1,L1,V1",9.188530500165095
945,"H1,K1",8.826679113955326
946,"H1,L1,V1",10.09083302966586
947,"H1,K1,V1",8.895342311844145
948,"H1,K1,L1,V1",9.020437131392322
949,"H1,K1,L1,V1",9.054981269301974
950,"H1,K1,L1",10.4893042247864
951,"K1,L1",12.66383861903451
952,"K1,L1",8.46713631137053
954,"H1,L1,V1",10.82872657392383
955,"K1,L1,V1",8.21636292511749
957,"H1,K1,V1",14.90235312997052
958,"H1,K1,L1,V1",9.205472394804412
959,"H1,K1,L1,V1",13.62025380858256
961,"K1,V1",10.46561957401826
962,"H1,K1,L1,V1",11.71186387993866
963,"H1,K1,L1",8.193182336165052
964,"K1,L1,V1",8.257924036234018
966,"H1,K1,L1,V1",11.23200881023935
967,"H1,V1",8.112328810677665
968,"H1,K1,V1",9.627686258491607
969,"H1,K1,L1,V1",10.33450899176332
970,"H1,V1",8.413520669331486
971,"H1,K1,L1,V1",8.502040434835745
972,"H1,K1,V1",9.02365799389244
973,"H1,L1,V1",8.284397184219984
974,"K1,L1,V1",10.94740038207572
975,"L1,V1",10.39277981617334
976,"H1,K1,L1,V1",8.957182772319891
977,"K1,L1,V1",8.008511789357112
978,"H1,L1",20.85457492170334
979,"H1,L1,V1",8.294245015949379
980,"H1,K1,L1,V1",8.873093774698813
981,"K1,L1",8.244288215621642
982,"H1,K1,V1",11.37215161765843
984,"H1,K1,L1,V1",11.50836277408458
985,"H1,K1",8.334850980592227
986,"K1,L1,V1",8.889390477655443
988,"H1,L1,V1",10.44157865127438
989,"L1,V1",8.366325340391523
990,"H1,K1,L1,V1",8.126073169516888
991,"H1,K1,L1,V1",39.96736959202454
992,"L1,V1",10.87418231283075
994,"H1,K1,L1",11.68728829750071
995,"H1,K1,L1,V1",8.934953584477666
996,"H1,K1,L1,V1",8.351616581071944
998,"H1,K1,L1",8.539657557232559
999,"H1,L1,V1",13.58017531291812
1000,"H1,K1,L1,V1",8.564149548819318
1001,"H1,K1,L1,V1",9.021529305309732
1002,"H1,K1,L1",14.48586557942542
1003,"H1,K1,L1,V1",9.682531676913667
1005,"H1,K1,L1,V1",11.92113392134734
1006,"K1,L1,V1",68.6718334208065
1007,"L1,V1",13.15930937287599
1009,"H1,K1,V1",8.069763715499683
1012,"H1,K1,L1,V1",9.429921933928853
1013,"H1,L1,V1",11.96022339809472
1014,"H1,K1,L1,V1",8.480469811450087
1016,"K1,L1,V1",8.033569016702694
1018,"K1,L1,V1",30.86818773272501
1019,"H1,K1,L1,V1",14.84451677852798
1020,"K1,L1",9.684156683363328
1022,"H1,K1,L1",9.654898211622289
1023,"H1,K1,L1",11.06154339705333
1024,"H1,K1,L1,V1",11.11720797133088
1026,"H1,L1,V1",8.214407868535053
1027,"H1,K1,L1,V1",10.89409904381836
1028,"K1,L1,V1",9.406639002860516
1029,"H1,K1,V1",9.190217092140292
1030,"H1,L1,V1",8.281376439167582
1031,"H1,K1,L1,V1",20.38344007381205
1033,"H1,K1,V1",8.569580866826623
1034,"H1,K1,L1,V1",8.476160768837385
1035,"H1,K1,L1",13.75397440360375
1036,"H1,K1",14.70374901536978
1037,"H1,K1,L1,V1",10.08503017679495
1039,"K1,L1,V1",8.072912370035874
1041,"K1,L1,V1",8.756796669775186
1042,"H1,K1,L1,V1",13.22204388123549
1043,"H1,L1",18.52164776922238
1044,L1,8.85518524083064
1045,"H1,L1,V1",8.114450858590159
1048,"H1,K1,V1",10.36419233132128
1049,"H1,K1,L1",9.297645478189107
1050,"H1,K1,V1",32.92153228221628
1052,"K1,L1",11.3455533388852
1053,"H1,K1,V1",8.977888076660404
1054,"H1,L1,V1",14.29085646665818
1055,"H1,K1,L1,V1",8.207095433472565
1056,"H1,K1,L1,V1",10.57841899196584
1058,"K1,L1,V1",12.43800046886569
1060,"K1,L1,V1",8.819673102931867
1061,"H1,K1,L1",8.368425949186001
1062,"H1,K1,L1,V1",8.243428065196687
1063,"H1,L1,V1",9.181594195331355
1064,"H1,K1,V1",12.14085408354704
1065,"H1,L1,V1",10.63616226869335
1067,"K1,L1,V1",8.087062722819287
1068,"K1,L1,V1",8.96126093557618
1069,"H1,L1",11.13160204524183
1070,"K1,L1,V1",8.537732229255688
1071,"H1,K1,L1,V1",8.457409641699346
1072,"H1,L1",22.74374409244577
1073,"H1,L1",8.732282416765573
1074,"H1,K1,V1",8.66258637366069
1075,"H1,K1,L1,V1",8.072548166354357
1076,"K1,L1,V1",8.406867778932641
1077,"H1,K1,L1,V1",12.8908520484555
1079,"H1,K1,L1",11.88590054551072
1080,"H1,K1,L1,V1",12.01842214870469
1081,"K1,L1,V1",18.74873472426914
1082,"H1,K1,L1",9.609692991347917
1084,"H1,K1,L1,V1",10.23693503846882
1085,L1,8.755306170762715
1086,"H1,K1,L1",8.34564394809717
1087,"H1,K1,L1,V1",8.736795170740265
1088,"K1,L1,V1",8.324495899611186
1092,"H1,K1,L1,V1",18.23732888580302
1093,"H1,K1,L1,V1",9.261839778916556
1095,"H1,L1,V1",36.674485087408
1096,"H1,K1,V1",9.514956256638396
1097,"H1,K1,L1,V1",23.28818295366577
1098,"H1,K1,L1,V1",9.597920316468851
1099,"H1,L1,V1",9.381470279338805
1101,"H1,L1,V1",10.92384815502595
1102,"H1,L1,V1",12.96923926681264
1103,"H1,K1,L1",16.32219242896027
1104,"H1,K1,L1,V1",25.89399713986301
1108,"H1,V1",8.298242624656275
1110,"H1,K1,L1,V1",8.180676491991463
1111,"H1,K1,L1",8.586367406717308
1112,H1,18.43265294562381
1113,"H1,K1,V1",10.71263588369126
1114,"H1,K1,L1,V1",9.078124084639008
1115,"H1,K1,L1,V1",9.199462763774644
1116,"H1,K1,L1,V1",12.8964012849249
1117,"H1,K1,L1,V1",10.18375060724476
1118,"H1,L1",10.52656447325914
1119,V1,10.58075856610383
1120,"H1,K1,L1,V1",10.13528625111644
1121,"H1,K1,L1,V1",8.22816489327252
1122,"H1,K1,L1,V1",9.246385266831767
1125,"H1,K1,V1",9.544716027721403
1126,"H1,L1",17.1984501071251
1127,"H1,K1,L1,V1",15.48818440528141
1128,"H1,K1,V1",11.48981746742539
1129,"H1,V1",10.73975409300219
1132,"K1,L1,V1",8.988299560668901
1133,"H1,K1,L1,V1",9.337822990377918
1134,"H1,K1,L1,V1",11.12463962175808
1135,"H1,K1,L1,V1",12.23466952595207
1137,"H1,K1,L1,V1",9.043715325292688
1138,"H1,K1,L1,V1",21.83951660347889
1140,"H1,K1,L1,V1",11.67901186120493
1141,"H1,K1,V1",12.86164295845596
1142,"H1,K1,L1,V1",8.90651165950953
1144,"H1,V1",14.46319867967602
1145,"H1,L1",44.87548208074356
1146,"H1,K1,L1,V1",9.196238031330562
1147,"H1,K1,V1",8.180315472298286
1148,"H1,L1,V1",9.289060780403592
1149,"H1,K1,L1,V1",10.99364979074415
1150,"H1,K1,L1,V1",28.6696484475206
1151,"H1,K1,V1",8.896174577554353
1152,"H1,L1,V1",8.107297550062325
1153,"H1,K1,L1,V1",9.944752040615173
1154,"H1,K1,V1",9.569377580988595
1156,"H1,K1,L1,V1",19.12447702059283
1157,"K1,L1,V1",15.03898422210813
1158,"H1,K1,L1,V1",8.299134720557626
1159,"H1,K1,L1,V1",8.403831072678038
1160,"H1,K1,V1",10.11255821237612
1162,"H1,K1,L1",9.800564699805143
1163,"H1,K1,L1",9.449800045845338
1164,"H1,K1,L1,V1",9.409872681831352
1165,"H1,K1",15.30970229970274
1166,"H1,K1,L1,V1",16.42159701290758
1167,"H1,K1,L1,V1",10.01734451672962
1168,"H1,K1,V1",8.069474015407227
1169,"H1,L1",16.62803598513074
1170,"H1,K1,L1,V1",8.425889130990976
1171,"H1,L1,V1",9.642441439205756
1173,"H1,L1,V1",13.86986167866785
1174,"H1,K1,L1,V1",20.88810530431693
1175,"H1,K1,L1,V1",9.066472538317193
1176,"K1,L1,V1",13.5394207235965
1177,"H1,K1,L1",9.42535462517384
1178,"L1,V1",14.69395413599584
1179,"L1,V1",8.901487362795246
1180,"K1,L1,V1",8.286233883716802
1181,"H1,K1,L1,V1",10.84624413531747
1182,"H1,K1,V1",33.1557892902748
1183,"H1,K1,L1,V1",9.80669803743973
1184,"H1,L1",11.94579292642852
1185,"H1,K1,L1,V1",9.14276166411602
1186,"K1,L1,V1",16.6446341346139
1187,"K1,V1",8.822151751535815
1188,"H1,L1,V1",9.435939848772732
1189,"H1,K1,V1",25.03921931163741
1190,"H1,K1,L1,V1",11.47056208974099
1191,"H1,K1,V1",13.23323450308181
1192,"H1,K1,L1",14.66183074287741
1193,"H1,K1,L1,V1",9.193548613748696
1195,"H1,K1,L1,V1",9.810255460812636
1196,"H1,K1,L1,V1",8.443351226249302
1197,"K1,L1,V1",15.99649052840518
1198,"H1,K1,L1",21.02978517991531
1199,"H1,L1",13.11997348870795
1200,"K1,L1,V1",8.143501985151925
1201,"H1,L1",11.25548460939062
1202,"H1,K1,L1,V1",8.857515781228626
1203,"H1,K1,L1,V1",8.177443443685013
1204,"H1,L1,V1",11.49184858664612
1207,"K1,L1,V1",9.481994888064683
1209,"H1,K1,L1",8.996223744829486
1210,"H1,K1,L1,V1",8.429307277758566
1211,"H1,K1,L1,V1",15.41882769395097
1212,"H1,K1,L1",12.88504300673212
1213,"H1,K1,V1",8.524863978824202
1214,"K1,L1,V1",8.633006087383928
1215,"H1,K1,L1",17.69607588076945
1218,"H1,K1,L1,V1",8.239454682312633
1219,"H1,K1,L1,V1",9.364435839520354
1222,"H1,K1,L1,V1",18.23848949657464
1223,"H1,K1,V1",11.06889101683035
1224,"H1,L1,V1",13.40532526321807
1225,"H1,K1,V1",8.250001120956227
1227,"H1,K1,L1,V1",10.34983043735788
1228,"H1,K1,L1",10.54358576350853
1229,"H1,K1,L1,V1",11.02777114456317
1231,H1,10.16556845117533
1232,"H1,K1,L1,V1",15.05505780156911
1233,"H1,L1,V1",15.39452795739746
1234,"H1,L1,V1",8.17224331918584
1235,"H1,L1,V1",9.24888757860676
1236,"H1,K1,L1,V1",8.952922712380216
1238,"H1,K1,L1,V1",11.16154977512653
1239,"H1,K1,L1,V1",20.33562963386304
1241,"H1,K1,L1,V1",13.44674939411746
1245,"H1,L1,V1",10.0639163168104
1247,"K1,L1,V1",8.7205810536119
1249,"H1,K1,L1,V1",8.240504638665486
1250,"H1,K1,L1,V1",8.835675939347098
1254,"H1,L1,V1",14.11280846787815
1255,"H1,K1,L1,V1",18.21549346814752
1256,"H1,K1,L1,V1",8.248308410668612
1257,"H1,V1",19.06782134576208
1258,"H1,K1,L1",10.57671704440819
1259,"H1,K1,L1",10.25442477731996
1261,"H1,K1,L1,V1",8.358804526922645
1262,"H1,K1,L1,V1",14.5353204268999
1264,"H1,V1",8.246885735572727
1265,"H1,K1,L1,V1",9.71320235200536
1266,"H1,L1,V1",21.16184033613092
1267,"H1,L1,V1",10.26140190965806
1268,"H1,L1,V1",8.282147345803551
1270,"H1,K1,L1,V1",8.758279722685828
1272,"K1,L1,V1",10.15565403837081
1273,"L1,V1",19.27191981743098
1274,"H1,K1,L1,V1",9.158898245215193
1275,"H1,K1,V1",9.137102435154103
1276,"H1,K1,V1",8.889522386133255
1277,"H1,K1,V1",8.085770374710421
1279,"H1,K1,L1,V1",14.30619646921194
1280,"H1,K1,L1,V1",8.806864397373232
1282,"H1,K1,L1,V1",10.54274651280046
1283,"H1,V1",8.988629563287946
1284,"K1,L1",8.296006613422524
1285,"H1,L1,V1",9.806496050672278
1286,"H1,K1,L1,V1",8.296489477072795
1287,"H1,K1,L1,V1",11.0095915275037
1288,"H1,K1,V1",11.88962661737651
1289,"H1,K1,L1",8.384400842256696
1290,"H1,K1,V1",16.56655788865492
1293,"H1,K1,L1",14.55748524832531
1294,"H1,L1,V1",18.71139951416931
1296,"H1,K1,L1,V1",8.478314446887238
1297,"H1,K1,L1",8.09913096131743
1298,"H1,L1,V1",24.87656531951599
1299,"H1,K1,L1,V1",8.344799826881204
1300,"H1,K1,L1,V1",9.063087900895368
1301,H1,13.74713709072424
1302,"H1,L1,V1",11.02610973075401
1303,"H1,K1,L1,V1",8.47946287574883
1304,"H1,K1,L1,V1",8.005566099971002
1305,"K1,L1",10.04783054847329
1306,"H1,V1",9.462186206627612
1307,"H1,K1,L1,V1",9.744644399467196
1308,"K1,L1,V1",13.63975573774104
1310,"H1,K1,V1",10.59962751632109
1311,"H1,K1,L1,V1",9.41193580297818
1312,"H1,K1,V1",8.25054900642505
1317,"H1,L1",8.07015938010009
1318,"K1,L1,V1",8.474131411871815
1319,"K1,L1,V1",8.026291285749918
1320,"K1,L1",12.22277223577012
1321,"H1,L1,V1",9.990430069661391
1322,"H1,K1,L1,V1",21.045089146558
1323,"H1,K1,L1",9.003625067696671
1324,"H1,V1",19.51017501267549
1325,"H1,K1,L1,V1",16.59335579320827
1327,"K1,L1,V1",9.201084350478062
1328,"H1,K1,L1",8.942921302815703
1329,"K1,L1,V1",8.353671532342434
1330,"H1,K1,L1,V1",9.066250656170162
1331,"L1,V1",9.991065764251378
1333,"H1,K1,L1,V1",10.43386258442019
1334,"K1,L1,V1",12.22095787553095
1335,"H1,L1,V1",10.49838994948492
1338,"H1,K1,L1,V1",8.144334137809386
1340,"H1,L1,V1",8.104346522258076
1341,"H1,K1,L1,V1",9.661387502433588
1343,"H1,K1,L1,V1",16.20268295617604
1344,"H1,L1,V1",9.283522375143828
1345,"H1,K1,L1,V1",22.17176000919687
1348,"H1,L1,V1",9.783251075984468
1350,"H1,K1,L1,V1",10.06099871278216
1351,"H1,K1,L1",10.8980753973619
1352,"H1,K1,L1",11.01434452374081
1353,"K1,L1,V1",8.484767588127196
1354,"H1,K1,L1,V1",8.000490007220641
1355,"H1,L1,V1",8.773175260469797
1357,"H1,K1,L1,V1",8.074738864464
1359,"K1,L1,V1",8.612463658201726
1360,"H1,K1,V1",8.853775998467114
1362,"H1,K1,L1,V1",10.33595366463336
1363,"H1,L1,V1",10.42657279525666
1364,"H1,K1,L1,V1",9.264023215894348
1366,"H1,K1,L1,V1",8.41885423419905
1367,"H1,K1,L1,V1",9.682337042187788
1368,"K1,L1,V1",9.367359419681726
1369,"H1,K1,L1",9.137310756734747
1370,"K1,L1,V1",8.152713484162922
1371,"H1,K1,L1",13.82705709692648
1373,"H1,K1,L1",8.617404216389692
1374,"H1,K1,V1",8.042727706156974
1375,"H1,K1,V1",9.042321894861592
1376,"L1,V1",9.202456244978787
1377,"K1,L1,V1",8.218477401408459
1378,"L1,V1",31.55503379005676
1379,"H1,L1,V1",19.1479674607852
1380,"H1,K1,L1,V1",8.634806293044122
1382,"H1,K1,L1,V1",8.76518806314034
1383,"H1,L1,V1",9.257279399180376
1388,"H1,L1",11.61203678712704
1389,"H1,K1,L1,V1",11.59131139964235
1391,"H1,K1",8.01505957339645
1393,"H1,K1,L1,V1",8.66369400054893
1394,"H1,K1,L1,V1",12.59701434035173
1395,"H1,K1,V1",10.65893058360326
1396,"H1,K1,L1,V1",8.385175688589115
1397,"H1,K1,L1",10.00852730688015
1398,"H1,K1,L1,V1",9.83262840865226
1399,"H1,K1,L1,V1",12.37124016961719
1402,"H1,K1,L1",9.25164012912081
1403,H1,18.05095215876562
1404,"H1,K1,L1,V1",9.98770607747998
1406,"H1,L1,V1",9.388534728322906
1407,"H1,L1,V1",8.395585196629755
1408,"H1,K1,L1,V1",12.33495965306475
1409,"H1,L1,V1",9.66059448118492
1410,"H1,K1,L1,V1",17.68997597696155
1411,"H1,K1,L1,V1",8.253284512739512
1412,"K1,L1,V1",8.412312672211769
1413,"H1,K1,L1,V1",9.25053231668578
1414,"H1,K1,L1,V1",9.637735917659644
1415,"H1,L1,V1",13.24608944905653
1416,"H1,K1,V1",9.306130729084392
1417,"H1,K1,L1",10.02658558356927
1418,"H1,K1,L1,V1",9.618007357381323
1419,"H1,L1",10.49682006242014
1420,"K1,L1,V1",19.38274754403731
1421,"H1,L1",10.39402715781718
1423,"H1,K1,L1,V1",10.51451069343786
1424,"H1,K1,L1",14.85197072056737
1425,"H1,K1,L1",8.096671221944634
1426,"H1,K1,L1,V1",9.059345168738096
1427,"H1,K1,L1,V1",8.18463191393359
1428,"H1,K1,V1",9.898982413354702
1430,L1,13.03242058153108
1432,"H1,K1,L1,V1",12.16577152099702
1433,"H1,K1,L1,V1",8.818820524402216
1434,"H1,L1,V1",8.153630205088076
1435,"H1,K1,L1",8.111994458250297
1436,"H1,K1,L1",9.043111635330495
1437,"H1,K1,L1,V1",9.97612174907248
1438,"H1,L1,V1",8.543047791083787
1439,"H1,L1,V1",9.696260227916833
1440,"H1,V1",9.926950093427047
1442,"H1,K1,L1,V1",8.501519769108887
1443,"H1,V1",8.84140148553485
1444,"H1,K1,V1",27.2472973377827
1445,"H1,K1,L1,V1",9.14388876584878
1446,"H1,K1,L1,V1",9.018989647368814
1447,"H1,K1",8.762048961972836
1448,"H1,K1,L1,V1",8.6738779566788
1449,"H1,K1,V1",22.11484045192534
1451,"H1,K1,L1",11.92134362894923
1452,"H1,K1,L1,V1",17.52247655036221
1454,"H1,K1,L1,V1",13.17433128527096
1455,"H1,K1,L1,V1",8.056814968851771
1456,"H1,K1,L1,V1",8.19237775685731
1457,"H1,K1,L1,V1",20.40197472653335
1459,"H1,K1,L1",10.12952004204166
1461,"H1,K1,L1",15.79621373820853
1462,"H1,K1,L1,V1",10.32388177607851
1463,"H1,L1,V1",10.50013512293921
1466,"H1,K1,L1,V1",9.883867152996306
1468,"H1,L1,V1",11.49473758566239
1469,"H1,K1,L1,V1",9.474693730525864
1470,"H1,K1,L1,V1",9.511302093870048
1471,"H1,K1,L1,V1",9.704873115073228
1472,"H1,L1",8.448794043709
1474,"H1,K1",9.256468509253672
1475,"H1,K1,L1",10.48196897642211
1476,"H1,K1,L1,V1",9.370336197122327
1477,"K1,L1,V1",9.469181114135878
1478,"H1,K1,V1",10.2075975135779
1479,"H1,K1,L1,V1",8.380501343523497
1480,"H1,K1,L1,V1",11.09793072605985
1482,"K1,L1,V1",8.09513226549684
1483,"H1,K1,L1,V1",10.96787550380912
1484,"K1,L1,V1",10.87757910646364
1485,"H1,K1,L1,V1",9.206822908524284
1487,"H1,K1,L1,V1",10.17308088454497
1488,"H1,K1,L1,V1",25.88898922221232
1489,"H1,K1,V1",9.506508302376888
1491,"H1,V1",8.854289641001065
1492,"H1,K1,L1,V1",14.24892886692014
1493,"H1,K1,L1,V1",9.128283919565314
1494,"H1,L1,V1",10.79745307756192
1495,"H1,K1,L1,V1",15.45982594909008
1496,"H1,K1,L1",10.93534719569333
1497,"H1,V1",8.613754412541857
1498,"H1,K1,L1,V1",9.656854207400649
1499,"H1,K1,L1,V1",9.719381280704502
1500,"H1,L1",9.304880748176306
1501,"H1,K1,L1,V1",9.675460776052162
1502,"H1,K1,L1,V1",83.05191277076405
1503,"K1,V1",10.25093511483775
1504,"H1,K1,L1,V1",9.254680888787012
1505,"K1,L1,V1",8.413164251603646
1506,"H1,V1",8.255305708154843
1507,"H1,K1,L1,V1",13.27524508529686
1508,"H1,K1",8.359641941711311
1510,"H1,K1,L1,V1",12.27891398722111
1511,"H1,K1,L1,V1",9.632720683890824
1512,"H1,K1,L1,V1",10.45582205800777
1513,"H1,K1,L1,V1",8.850227615863389
1514,"H1,K1,L1,V1",15.72520231633389
1515,"H1,K1,L1,V1",8.022225972165565
1516,"L1,V1",8.17529660830749
1517,"H1,L1,V1",8.669348539378477
1518,"K1,L1",14.40737004566934
1519,"H1,K1,L1,V1",9.539703744251783
1520,"H1,K1,L1",15.17478974876463
1522,"H1,V1",8.033410609680237
1523,"K1,L1,V1",8.853126465487064
1524,"H1,K1,L1,V1",13.24928095075237
1527,"K1,L1,V1",14.40053727435142
1529,"H1,K1,L1,V1",9.956549152949565
1530,"H1,K1,V1",9.958291473102248
1531,"H1,K1,L1,V1",10.01275086138846
1532,"H1,K1,L1,V1",11.76280855486916
1533,"H1,K1,V1",8.1888124485211
1534,"H1,L1,V1",15.20693421502079
1535,"H1,L1,V1",9.831186851621164
1537,"H1,L1,V1",9.480692170811231
1538,"H1,K1,L1,V1",11.43703502581726
1539,"H1,L1,V1",9.424460598586183
1540,"H1,K1,L1",9.500462939882814
1541,"H1,L1,V1",8.231932407302434
1542,"H1,K1",11.34732684469365
1543,"H1,K1,L1,V1",22.39778756632797
1544,"H1,K1,L1",9.541166989994451
1545,"K1,L1,V1",8.644871711728351
1546,"H1,L1,V1",11.18997955760556
1547,"H1,K1,L1,V1",8.48719513172343
1548,"H1,L1,V1",8.287245675226016
1550,"K1,L1,V1",11.81912536258775
1552,"H1,K1,L1,V1",9.403641033197284
1553,"H1,K1,L1,V1",8.26119295642914
1554,"H1,K1,L1",8.007809973370302
1555,"H1,L1,V1",13.65521418148692
1556,"H1,K1,L1,V1",8.25055425417198
1557,"H1,K1,L1,V1",8.04572037143663
1558,"H1,K1",17.83660254601979
1559,"H1,K1,L1,V1",11.19950903718841
1560,"H1,K1,L1",15.48213440575797
1561,"H1,K1",9.132538505045908
1562,"H1,L1,V1",8.872082988392458
1564,"H1,K1,L1",10.86143586988178
1566,"H1,L1,V1",8.722232413276748
1567,"H1,K1,L1,V1",9.8341482184814
1569,"H1,K1,L1",11.2858894321057
1570,"H1,L1",9.059768964513568
1571,"H1,K1,L1,V1",18.03534515584544
1572,"H1,K1,L1,V1",10.37002394605908
1573,"K1,L1",9.160836695077435
1574,"H1,K1,L1",12.74414527759508
1575,"H1,K1,L1,V1",8.72364993333852
1577,"H1,K1,L1,V1",9.15131458882656
1579,"H1,K1,L1,V1",10.99429653402516
1580,L1,13.01904357315945
1581,"H1,L1",8.251571035990123
1582,"H1,K1,L1",9.586013087340772
1583,"K1,L1",11.53159894928805
1584,"H1,K1,L1,V1",8.543892354654153
1586,"H1,K1,V1",8.961648139671217
1587,"H1,V1",8.429313009600659
1588,"H1,K1,L1,V1",9.437716493494737
1589,"H1,K1,L1,V1",10.12861092395548
1591,"H1,K1,L1",9.580160477030416
1592,"H1,V1",10.82916239891844
1593,"H1,K1,V1",9.443555593994184
1594,"H1,K1,L1,V1",10.40339968721669
1595,"H1,K1,L1,V1",9.155598515599968
1596,"H1,K1,L1,V1",9.351719375600172
1597,"H1,L1,V1",22.68269600778715
1598,"H1,K1,L1,V1",9.123137242828808
1599,"H1,L1,V1",8.11457884033504
1600,"H1,K1,L1",12.30722336496058
1601,"K1,L1,V1",21.88940893179198
1602,"H1,K1,L1,V1",9.399226272991134
1603,"H1,K1,L1,V1",8.3150558304068
1604,"H1,K1,L1,V1",9.067031791839396
1605,"H1,K1,L1,V1",8.905237372737085
1606,"H1,L1,V1",13.31815394949154
1607,"H1,K1,L1,V1",10.65135355794519
1608,"H1,K1,L1,V1",21.24224674680439
1610,"L1,V1",8.65547301958972
1611,"K1,L1,V1",9.832815269357194
1612,"K1,L1,V1",10.54153781855907
1613,"H1,L1",9.342113921762184
1614,"H1,V1",14.7995090786758
1615,"H1,K1,L1,V1",18.74788578476435
1617,"H1,K1,L1,V1",8.741294095002445
1618,"H1,K1,L1,V1",92.5433670664442
1619,"H1,L1,V1",21.24257625213179
1620,"H1,K1,L1,V1",19.77984629198046
1621,"H1,K1,L1,V1",13.46024859280554
1622,"H1,L1,V1",13.55778111219752
1623,"H1,K1,L1,V1",8.340078517326853
1625,"H1,K1,V1",10.19131719286567
1626,"K1,L1,V1",11.37882055665199
1627,"H1,K1,L1,V1",10.05863661743309
1628,"H1,K1,L1,V1",16.45419262154988
1629,"H1,K1,L1,V1",10.49533275102531
1632,"K1,L1,V1",8.132082326789027
1633,"K1,L1,V1",8.737219360499564
1635,"H1,K1",9.33218067670674
1636,"H1,L1,V1",28.232750563716
1637,"H1,K1,L1,V1",9.749942268463558
1638,"K1,V1",8.064588168064372
1639,"H1,L1",8.050262564919434
1640,"H1,K1,L1",10.43920399314635
1641,"H1,K1,L1,V1",14.75973242374844
1642,"K1,L1,V1",15.59889063623211
1643,"H1,K1,V1",8.283217975059486
1646,"H1,L1,V1",8.024315699919786
1647,"K1,L1,V1",9.20706706740718
1648,"H1,V1",11.36314936816871
1650,"H1,K1,L1",8.978561593276673
1651,"K1,L1,V1",8.998289960212235
1652,"H1,L1,V1",11.74320499547791
1654,"H1,L1,V1",8.098562414118128
1655,"H1,K1,L1,V1",9.951055042108775
1656,"H1,L1",8.053284632999638
1657,"H1,K1,L1,V1",8.489197353172727
1659,"H1,K1,L1",8.192040213036861
1660,"H1,K1,L1,V1",9.445588916262466
1661,"H1,K1,L1,V1",11.46527486987622
1662,"H1,K1,V1",10.61867742577179
1665,"H1,K1,L1,V1",9.124430044457146
1666,"H1,L1,V1",9.951136169551756
1667,"H1,K1,L1,V1",10.82445621611482
1668,"H1,L1",17.71647271475866
1669,"H1,K1,L1,V1",9.456930776891284
1673,"H1,K1,V1",18.01566036766113
1676,"H1,L1,V1",13.25154077985845
1677,"H1,K1,L1,V1",9.28970431389602
1679,"H1,K1,L1,V1",15.53171539763829
1681,"H1,K1,L1,V1",8.292972336945
1682,"H1,L1,V1",12.08536153461284
1683,"K1,L1,V1",10.71282351670427
1684,"H1,K1",10.31040464933652
1685,"H1,K1,V1",12.22619410499002
1686,"H1,K1,L1",8.275356805165861
1687,"H1,K1,L1,V1",8.332953698592643
1689,"L1,V1",11.88626975710885
1691,"K1,L1,V1",11.35508050769519
1692,"H1,K1,L1,V1",8.734386938286013
1693,"H1,L1,V1",11.81907224326753
1694,"H1,L1,V1",10.49907459644767
1695,"H1,K1",8.235125426120742
1697,"H1,K1,L1,V1",9.820870337940692
1698,"H1,K1,L1",8.117939798998185
1700,"H1,K1,L1",8.990267341045056
1701,"H1,K1,V1",43.57103345188376
1702,"H1,K1,L1,V1",9.515775264215243
1704,"H1,K1,L1,V1",8.311530340500617
1705,"L1,V1",9.446618882095414
1707,"K1,L1,V1",8.592079313595727
1708,"H1,L1,V1",9.403718118372398
1709,"H1,L1,V1",11.09764261799804
1710,"H1,L1,V1",8.71437969227341
1711,"H1,K1,V1",15.23581818038601
1714,"H1,L1,V1",9.849978952977647
1717,"H1,K1,L1,V1",43.87102887790457
1718,"H1,L1",12.3411482080035
1719,"H1,K1,L1,V1",9.071512071563191
1720,"H1,K1,L1,V1",17.02457725283938
1721,"H1,K1,L1",13.04784356242514
1722,"H1,K1,L1,V1",15.24440704585154
1723,"K1,V1",8.31245382053489
1724,"H1,K1,L1,V1",17.78869405061441
1726,"H1,K1,V1",8.16046462484241
1727,"H1,K1,L1,V1",12.47056555344513
1728,"H1,L1,V1",8.264339652980407
1729,"H1,L1",10.2812896483151
1730,"H1,K1,L1,V1",10.06866040450617
1731,"H1,K1,L1,V1",20.77289858703021
1733,"H1,K1,L1,V1",10.35621375087876
1734,"H1,L1,V1",10.12275128230945
1737,"H1,K1",10.67719883544649
1738,"K1,L1,V1",10.24672377193905
1739,"H1,K1,L1,V1",10.4349774607833
1740,"K1,L1,V1",12.15714464236338
1741,"K1,V1",15.60067758967875
1742,"K1,L1,V1",25.69241988814619
1743,"K1,L1,V1",10.78564679465685
1744,"H1,K1,L1,V1",46.59379305677798
1745,"H1,K1,L1,V1",8.771283532987367
1746,"H1,L1,V1",20.31700688718418
1747,"H1,K1,L1,V1",8.364021460022927
1749,"H1,L1,V1",15.42138219723281
1750,"H1,K1,L1,V1",10.38463411277118
1752,"H1,K1,V1",8.576244149276436
1753,"H1,K1,L1,V1",8.603100236620302
1755,"H1,K1,L1",13.59684432956148
1756,"H1,K1,L1",13.55999791456278
1757,"H1,K1,L1,V1",9.455693441608169
1758,"K1,L1",9.72129853619086
1760,"H1,K1,L1,V1",9.021439624148682
1761,"H1,K1,V1",9.715287564803562
1762,"H1,K1,L1,V1",11.00876803007138
1764,"H1,K1,L1,V1",9.801750556849392
1765,"H1,L1,V1",18.40188040809116
1767,"H1,L1,V1",10.18677966804267
1768,"H1,K1,V1",11.70223406154072
1769,"H1,V1",10.04110381027291
1770,"H1,K1,L1,V1",16.47728922128808
1771,"H1,L1,V1",11.03084480663764
1772,L1,17.26208548532377
1773,"L1,V1",9.493040070198711
1774,"H1,K1,L1,V1",8.426472524497578
1775,"H1,K1,L1,V1",14.22700268715482
1776,"K1,L1,V1",10.58083770831363
1777,"H1,K1,L1,V1",10.40342423223162
1779,"H1,K1,L1,V1",8.7964741389725
1780,"H1,K1,L1,V1",8.044536743723981
1781,"H1,L1,V1",10.02344566676646
1782,"H1,K1,L1,V1",10.1226181827178
1783,"K1,L1,V1",20.55489634882817
1785,"H1,L1,V1",10.29004556058174
1786,"K1,L1,V1",12.30414064511236
1787,"H1,K1,L1,V1",8.310822449079398
1788,"H1,K1,L1,V1",8.783792258670399
1789,"H1,K1,L1,V1",8.554402232718669
1790,"H1,K1,L1",16.01501298209531
1791,"H1,K1,L1,V1",8.9290579936875
1792,"H1,K1,L1,V1",8.633644347236356
1794,"H1,K1",25.68605111249001
1795,"H1,K1,L1,V1",11.65473053888374
1796,"H1,K1,V1",12.87316140672977
1798,"H1,K1,L1,V1",10.75684078372673
1799,"K1,V1",12.64109052841395
1800,"H1,K1,L1,V1",8.318799634625877
1801,"K1,L1,V1",8.099303911745253
1802,"H1,K1,L1",11.81299811722864
1804,"H1,K1,L1,V1",9.745181999958833
1805,"K1,L1,V1",10.79335697104169
1806,"H1,K1,L1",10.07951914999072
1807,"H1,K1,L1,V1",12.47744313683542
1808,"H1,K1,V1",12.4068355196718
1809,"H1,K1,L1,V1",8.128674899144867
1810,"H1,K1,L1,V1",18.21574444875333
1811,"H1,L1,V1",10.54839536449186
1812,"H1,K1,L1,V1",8.177965466936238
1813,"H1,K1,V1",9.561486200221978
1814,"H1,K1,V1",9.06472441012964
1816,"H1,V1",8.833178390977737
1817,"K1,L1,V1",10.35419839184373
1819,"H1,L1,V1",8.865949604871364
1820,"H1,K1,L1,V1",9.252168141067724
1821,"H1,K1,L1,V1",19.71960465902303
1822,"H1,K1,L1,V1",8.391011932865924
1823,"K1,L1,V1",8.328863765987014
1824,"K1,L1,V1",8.313548252628452
1825,"H1,K1,L1,V1",11.48479107416658
1827,"H1,K1,L1",14.32689221110514
1830,"H1,K1,L1,V1",9.869458812204607
1831,"H1,K1,L1,V1",8.286849508061199
1833,"H1,K1,V1",11.21083561444812
1835,"K1,L1",8.763183395776657
1836,"H1,K1,L1,V1",16.45622008704517
1837,"H1,K1,L1,V1",12.30066027547437
1838,"H1,K1,V1",10.19251367431314
1839,"H1,L1,V1",8.889438776578967
1840,"H1,K1,L1,V1",11.10381127027525
1841,"H1,K1,L1,V1",17.26897772568062
1842,"K1,L1,V1",10.17688222781028
1845,"H1,L1",9.649581576511364
1846,"H1,K1,L1",14.51183437885497
1847,"H1,K1,L1,V1",8.220152069304557
1848,"H1,K1,L1,V1",11.86764274792659
1851,"L1,V1",8.885552087784289
1852,"K1,V1",11.08601653676554
1853,"H1,K1,L1,V1",11.90459981586377
1854,"H1,K1,V1",10.36351819988976
1855,"H1,K1,L1,V1",10.18409299804219
1856,"H1,K1",18.14363553500181
1857,"H1,K1,L1,V1",9.719416235955704
1858,"L1,V1",12.75671477804779
1860,"K1,L1,V1",9.451951557021394
1861,"H1,K1,L1",10.28269950445369
1863,"H1,K1,V1",11.0272060953886
1864,"H1,K1,L1,V1",9.107634302799916
1865,"H1,L1,V1",17.01963714314733
1867,"H1,K1",10.68595725184625
1868,"H1,K1,L1,V1",10.66812370599432
1869,"H1,K1,L1,V1",15.6058491364327
1871,"H1,K1,L1,V1",9.445502654005574
1872,"H1,K1,L1,V1",18.25960920766114
1873,"H1,K1,L1,V1",8.397709493711579
1874,"H1,K1,L1,V1",8.817742908658506
1875,"H1,L1,V1",9.4002728366574
1876,"H1,L1,V1",8.175353520302638
1877,"H1,L1,V1",22.34558544301241
1878,"H1,K1,L1,V1",12.02053008034888
1879,"H1,L1",8.468224480491008
1881,"H1,K1,L1,V1",21.77744852082425
1883,"H1,L1,V1",8.66164583965269
1885,"H1,K1,L1,V1",9.45423279243564
1886,"H1,L1,V1",8.615237813025988
1887,"H1,K1,L1,V1",12.37418598347514
1888,"H1,K1,L1,V1",8.159515130306998
1889,"L1,V1",13.02748445577201
1890,"H1,K1,V1",11.56282968396001
1892,"H1,L1,V1",8.95626508226647
1893,"H1,L1,V1",22.3209610918544
1894,"H1,K1,L1,V1",10.62437048063517
1895,"K1,L1,V1",8.588478751015208
1896,"H1,K1,L1",11.98419113181293
1897,"K1,L1,V1",8.625789417634337
1898,"H1,K1,L1",10.17482663671949
1899,"H1,L1",11.4912658913425
1900,"H1,L1",8.160214741585257
1901,"H1,K1,L1,V1",10.63908881733621
1903,"H1,K1,L1,V1",11.2749287382541
1904,H1,8.555028273992539
1906,"K1,L1,V1",8.733384062184395
1908,"H1,K1,L1,V1",8.148692957466295
1909,"H1,L1,V1",11.59280403683013
1910,"H1,K1,L1",9.057927658601765
1911,"H1,K1,L1",8.597510955111801
1912,"H1,K1,V1",9.09253474215874
1913,"H1,K1,L1,V1",8.181927443475429
1915,"H1,K1,L1,V1",8.371243392018272
1916,"H1,K1,V1",9.213749125664862
1917,"H1,K1,L1",10.90929253836385
1919,"K1,L1,V1",8.296299647013521
1920,"H1,K1,L1,V1",9.324721884155863
1922,"H1,K1,L1,V1",10.13004797479269
1923,"H1,K1,L1",16.16717776461696
1924,"H1,K1,L1,V1",8.833793943573772
1925,"H1,K1,V1",8.056369736532528
1926,"H1,K1,L1,V1",8.708925375092994
1927,"H1,K1,L1,V1",20.71204940810402
1929,"K1,L1,V1",12.71342470620265
1931,"H1,K1,L1",15.68090350284466
1932,"H1,L1,V1",8.015564640303062
1933,"H1,L1,V1",8.503528013851426
1934,H1,8.125800125385528
1935,"H1,K1,L1,V1",9.69986978034754
1936,"H1,K1,L1",12.24951299315131
1937,"H1,K1,L1,V1",8.451222377828236
1938,"H1,L1,V1",9.0731011959503
1941,"H1,K1,L1,V1",9.21111208809192
1942,"H1,K1,L1,V1",9.636852925540913
1943,"H1,K1,L1,V1",14.60146288854622
1944,"H1,K1,L1,V1",16.74280893483022
1945,"K1,L1,V1",12.39499725831298
1946,"H1,K1,L1,V1",10.33504346951839
1947,"H1,K1,V1",11.49892209692704
1948,"K1,L1,V1",10.39603481149056
1949,"H1,K1,L1,V1",8.834495166513808
1950,"H1,L1,V1",10.07065648452625
1951,L1,8.141705013168261
1952,"H1,K1,L1,V1",9.360365477355188
1953,"H1,K1,L1,V1",13.81246804957055
1954,"H1,K1,V1",8.407023150090073
1955,"H1,K1,V1",12.25315137511374
1956,"H1,K1,L1,V1",8.258952049149142
1957,"H1,K1",10.03479010455909
1960,"H1,K1,L1",8.996313686865228
1961,"H1,L1,V1",15.21758999357016
1962,"H1,K1,L1,V1",8.09806633947829
1963,"H1,K1,L1,V1",8.434962079745153
1964,"K1,L1,V1",10.08929929891408
1965,"H1,L1",9.607653566923045
1966,"H1,K1,L1,V1",12.73315303305116
1968,"H1,K1,L1,V1",14.63906686854504
1972,"H1,K1,L1,V1",8.072630956472302
1973,"H1,K1,L1",16.6056338989838
1974,"H1,K1,V1",12.61917247024152
1975,"H1,K1,V1",12.28333870529489
1977,"H1,K1,L1,V1",9.932983048008126
1978,"L1,V1",9.648569959726068
1979,"H1,K1,L1,V1",10.7678042221562
1980,"H1,L1,V1",9.499241904688152
1981,"H1,K1,L1,V1",9.966053634956468
1982,"H1,K1,V1",10.25738711858877
1983,"H1,L1,V1",9.814363387566134
1985,"H1,K1,L1",11.00704342959826
1986,"H1,L1,V1",18.10620180638996
1987,"H1,K1,L1,V1",11.05609832756213
1988,"H1,K1,L1,V1",8.643804101108412
1989,"H1,L1",11.07533350482423
1990,"K1,L1,V1",8.68907121218048
1991,"H1,K1,L1",9.287883478775294
1993,"H1,L1,V1",9.89098910179088
1995,"K1,V1",9.215329924326207
1996,"H1,K1,L1,V1",18.46585714016058
1997,"H1,K1,L1,V1",8.067992740794752
1998,"H1,K1,L1,V1",8.228107639874429
1999,"H1,K1,L1,V1",13.07159055692243
2001,"H1,L1,V1",11.36237967124767
2002,"L1,V1",9.36095224586836
2003,"H1,L1,V1",8.012051806714425
2004,"H1,K1,L1,V1",9.47254742019726
2005,"H1,K1,L1",11.94339151572578
2006,"K1,L1,V1",9.86439978787733
2007,"H1,V1",8.650239780336205
2008,"H1,L1,V1",8.218004879002162
2009,"H1,K1",23.5038987078954
2010,"H1,K1,L1,V1",20.64673388986085
2011,"H1,K1,V1",9.345627841738612
2012,"H1,K1,L1,V1",13.40427932703389
2013,"H1,L1",8.173722745531721
2016,"H1,K1,L1,V1",9.732245000121107
2017,"H1,K1,L1,V1",11.0729219709385
2018,"H1,K1,V1",17.08994353045592
2019,"H1,K1,V1",9.54461783983565
2020,"H1,K1,L1,V1",8.223961448599537
2021,"H1,K1",11.12862509847109
2022,"K1,L1",8.380088925791089
2023,"L1,V1",9.213443331125475
2024,"H1,K1,L1",10.68848711903546
2027,"H1,K1,L1,V1",10.91464348814097
2028,"H1,L1,V1",8.18064203686625
2029,"H1,K1,L1",17.45047929338223
2030,"H1,K1,L1,V1",87.95916217231805
2031,"H1,L1,V1",8.558282639323696
2032,"H1,K1,L1,V1",10.10999099662835
2034,"H1,K1,L1",17.75937675439465
2035,"H1,K1,V1",9.292711456201914
2037,"H1,K1,L1,V1",8.098450167811661
2038,"H1,K1,L1,V1",9.024081758782293
2039,"H1,L1,V1",12.01644780177577
2040,"K1,L1,V1",9.376911904228432
2042,"H1,K1,L1",15.28976536001616
2043,"H1,K1,L1,V1",13.46329961037269
2044,"H1,K1,L1",8.405307709923136
2045,"K1,L1,V1",12.11160846349738
2047,"K1,V1",9.47591123316405
2048,"H1,K1,L1,V1",11.35881367654543
2049,"H1,K1,L1,V1",17.77422454925703
2050,"H1,K1,L1,V1",10.94233680241529
2051,"H1,K1,L1",13.9952865291214
2052,"H1,L1,V1",14.78311587724654
2053,"H1,K1,V1",10.50035448686495
2054,"H1,K1,L1,V1",8.390114215887513
2055,"H1,K1,V1",8.312510565951902
2056,"H1,K1,L1,V1",8.080057009576667
2057,"H1,K1,L1,V1",11.02779110033176
2058,"H1,K1,L1,V1",8.567971425749118
2059,"H1,L1,V1",11.88351277936285
2060,"H1,K1,L1,V1",11.2166877749455
2061,"H1,K1,L1",8.666213375977796
2062,"K1,L1,V1",8.473074680778248
2063,"H1,L1",12.56910412763546
2064,"H1,K1,L1,V1",8.045815627901375
2065,"H1,K1,L1,V1",10.58733143577838
2066,"K1,V1",9.467334241718394
2067,"H1,K1,L1",10.34016554794862
2068,"H1,K1,L1,V1",8.563754734927203
2069,"H1,K1,V1",8.314211642270816
2070,"H1,K1,L1,V1",8.239409937061167
2071,"H1,K1,L1,V1",12.62579202083217
2072,"H1,K1,V1",12.23253603344624
2077,"H1,K1,L1,V1",9.406460074767548
2078,"H1,K1",27.706638881741
2079,"H1,K1,L1",8.02908034893037
2083,"H1,K1,L1,V1",17.144803452085
2084,"H1,K1,L1,V1",9.484605213317977
2085,"H1,K1,L1",8.648097354448574
2086,"H1,L1,V1",10.15445853388213
2087,"H1,K1,L1",8.600822718096282
2088,"H1,K1,L1",8.40077654411706
2089,"H1,K1,L1,V1",11.10507699991418
2090,"K1,L1",16.23835646147083
2091,"H1,L1,V1",8.625864352313078
2092,"H1,K1,L1",18.7643841900866
2094,"H1,K1,L1,V1",8.227713853749208
2095,"H1,L1,V1",9.761936291398056
2096,"H1,K1,L1,V1",11.21466313287619
2098,"H1,K1,L1,V1",9.177281948212428
2099,"H1,L1,V1",8.67875867684474
2100,"H1,K1,V1",9.558824161311309
2101,"H1,K1,L1,V1",9.967536056805796
2105,"H1,K1,L1,V1",8.867344334821663
2106,"H1,L1,V1",14.46591596393498
2107,"L1,V1",8.237284571924638
2108,"H1,K1,L1,V1",9.543639223588212
2109,"H1,K1,L1",28.43209905902005
2110,"H1,K1,L1,V1",9.691380632499351
2112,"H1,K1,V1",9.613954660456358
2113,"H1,V1",8.738947037863706
2114,"H1,L1",8.394316019301568
2115,"H1,K1,L1,V1",13.18959427404541
2117,"H1,K1,L1,V1",9.378589612917864
2118,"K1,L1,V1",8.833945078484716
2119,"H1,K1,V1",12.46998923037177
2120,"H1,V1",8.494699166573204
2122,"K1,L1,V1",12.83734748482948
2123,"H1,K1,L1,V1",8.40652934982539
2124,"H1,L1,V1",10.69277277113956
2125,"H1,K1,L1",8.704573273862946
2126,"H1,K1,L1,V1",8.706015923000871
2127,"H1,K1,L1",12.96544340756692
2128,"H1,K1,L1,V1",10.51156854339136
2129,"H1,K1,V1",8.26815983142682
2131,"H1,K1,L1",8.624298263751337
2134,"H1,K1,L1,V1",8.34988821490686
2135,"H1,V1",8.190274809820227
2136,"H1,K1,L1",11.27711026915862
2138,"H1,K1,L1",10.36835926518287
2139,"H1,K1,V1",17.9555857325138
2140,"H1,K1,L1,V1",13.74683422029547
2142,"H1,L1,V1",9.720087072230273
2143,"H1,L1,V1",9.440942975572217
2145,"H1,L1",8.211529209532745
2146,"H1,K1,L1,V1",10.40717661709881
2148,"H1,K1,L1,V1",8.12605981707299
2149,"H1,L1,V1",8.141832501767425
2150,"H1,L1,V1",11.70058502099164
2151,"H1,K1,L1,V1",8.883784126752422
2152,"H1,K1,L1",12.53592224636771
2153,"H1,K1,L1,V1",9.595400512367872
2155,"H1,K1,L1,V1",10.39459940192341
2156,"H1,K1,L1,V1",8.599923831163894
2158,"H1,L1,V1",9.10316548306108
2160,"H1,K1,L1,V1",8.38831641721838
2161,"H1,K1,L1,V1",12.89289456327083
2162,"L1,V1",8.714748707524192
2163,"H1,L1",17.15659239620605
2164,"H1,L1,V1",10.11713013526732
2165,"H1,K1,L1,V1",8.004364312624954
2166,"K1,L1,V1",10.98907378336598
2167,"H1,K1,V1",22.08106972089906
2168,"H1,K1,V1",9.270542594693213
2169,"H1,K1,L1,V1",13.82841364242505
2170,"H1,K1,L1,V1",10.3134808148874
2172,"H1,K1,L1",18.82956121201605
2173,"H1,K1,V1",11.815165336859
2174,"K1,L1,V1",11.27024131192811
2175,"H1,K1,L1,V1",8.873985583352848
2176,"K1,L1,V1",13.01608479414883
2178,"H1,K1,L1",13.83197276085007
2179,"H1,V1",12.03704325177282
2180,"H1,K1,V1",8.29142985122639
2181,"H1,L1,V1",8.43263253732612
2182,"K1,L1,V1",10.59410080781368
2183,"H1,K1,L1,V1",8.688956481310674
2184,"H1,K1,V1",8.857347360946727
2186,"K1,L1",9.728445175709716
2187,"H1,K1,L1",9.367605321703373
2188,"K1,L1,V1",8.890551015040113
2190,"H1,L1,V1",12.34806094879618
2191,"H1,K1,L1,V1",11.91380504597599
2192,"H1,K1,L1",12.36863744433358
2193,"H1,K1,L1",16.88430271722646
2195,"H1,K1,L1,V1",8.243921668737764
2196,"H1,K1,L1,V1",8.826789557121968
2198,"H1,K1,L1",9.560154445303132
2199,"K1,L1,V1",14.00592115667628
2200,"H1,K1,L1,V1",8.655731241626686
2201,"H1,K1,L1,V1",12.92483531133273
2202,"H1,V1",12.67486211836461
2203,"H1,V1",14.55833309530851
2205,"H1,K1",9.4874694104319
2206,"H1,K1,L1,V1",10.94118803950801
2207,"H1,K1,L1,V1",8.070998463015092
2208,"H1,K1,L1,V1",10.78454012933017
2209,"H1,K1,L1,V1",8.6708274322437
2210,"H1,K1",22.8463145215591
2211,"K1,L1,V1",9.972977382635138
2212,"H1,K1,L1",21.08666262918026
2213,"H1,L1,V1",9.044783674264728
2214,"H1,K1,L1,V1",8.281107319775275
2215,"H1,L1,V1",13.19756844835142
2216,"K1,L1,V1",14.18844623915105
2218,"H1,K1",10.70916930576225
2219,"H1,K1,L1,V1",8.662675086476964
2220,"H1,K1,V1",9.142373466639812
2221,"H1,K1,L1,V1",9.42881231433616
2222,"H1,K1,V1",11.20903371636346
2224,"H1,K1,L1,V1",8.591036779732509
2225,"H1,V1",8.050683257534395
2226,"H1,L1",8.177367734444893
2229,"H1,K1,L1,V1",9.67613945958276
2231,"H1,L1,V1",12.03115148469293
2232,"H1,K1,L1,V1",8.270406362732558
2233,"H1,K1,L1,V1",21.30217924269446
2234,"K1,L1,V1",15.21965291912688
2236,"H1,K1,L1,V1",14.09747511754701
2237,"H1,L1,V1",9.010383560435208
2239,"H1,L1,V1",13.71398235287721
2241,"K1,L1,V1",8.848763259519272
2242,"H1,K1,L1,V1",8.086226888988774
2243,"H1,K1,L1,V1",8.605781620276746
2244,"H1,K1,L1,V1",15.00205760558296
2245,"H1,K1,L1,V1",9.104338682683515
2246,"H1,K1,L1,V1",13.56248981051895
2247,"H1,K1,L1,V1",13.03573836853001
2248,"H1,K1,L1",10.83295067638176
2249,"H1,L1,V1",8.938165245954844
2250,"H1,K1,V1",8.239906311355142
2252,"K1,L1,V1",8.116093726276981
2253,"K1,L1,V1",9.788012612588622
2255,"H1,K1,L1",13.68117495877965
2256,"H1,K1,V1",8.265509960738237
2257,"H1,K1,L1,V1",45.36427551237968
2258,"H1,K1,L1,V1",8.71338383761877
2259,"H1,K1,L1,V1",10.25660231986907
2263,"K1,V1",12.4102993446359
2264,"H1,K1,L1,V1",10.21206706407878
2265,"H1,K1,L1,V1",8.261637760993457
2266,"K1,L1",11.7074475515642
2267,"H1,K1,L1,V1",8.098874154905245
2269,"H1,K1,L1,V1",8.941397026293266
2270,"H1,K1,L1",9.918432835160528
2271,"H1,K1,L1,V1",8.12908925900171
2272,"K1,V1",10.15637932887188
2273,"H1,K1,V1",9.314178717195318
2274,"H1,V1",8.906681304840474
2275,"H1,K1,L1,V1",9.523005198715044
2277,"H1,K1,L1",8.559731171336342
2280,"H1,K1,L1,V1",16.54488515756155
2281,"H1,L1",23.33036276733595
2282,"H1,K1,L1,V1",8.22298732957754
2285,"H1,K1,V1",8.163918371479259
2286,"K1,L1,V1",9.316077334805174
2288,"K1,L1,V1",8.278406049736274
2289,"K1,L1,V1",8.814058056653074
2290,"H1,K1,L1",8.25323164800828
2291,"H1,K1",18.22797948881426
2292,"H1,L1,V1",10.274254560759
2293,"H1,K1,L1",8.489691300310826
2294,"H1,K1,L1,V1",8.589534483021456
2295,"H1,K1,V1",8.237070079015549
2297,"H1,K1,V1",9.354115779949051
2298,"H1,K1,L1,V1",12.19947516260003
2299,"H1,K1,L1",8.938163721577071
2300,"H1,L1,V1",8.515604163343166
2301,"H1,L1,V1",11.41171821333553
2302,"H1,K1,L1",8.18808221549092
2303,"H1,K1,L1,V1",10.36024120836308
2304,"H1,V1",11.32868426519655
2305,"K1,L1,V1",10.70089049618007
2306,"K1,L1,V1",19.6638600178381
