simulation_id,mjd_time,gps_time,longitude,latitude,ra,dec,inclination,distance,mass1,mass2,spin1z,spin2z,radius2,compactness2,mej_tot,mej_dyn,mej_wind,phi,costheta,distmean,diststd
36,63871.309,1695799515.7,4.4136631,0.11584202,252.884268,6.637259,1.039474,809.06428,10.272794,1.6175503,0.89889609,0.040813455,11.774526,0.20287,0.09763,0.000122,0.034828,58.284023,0.506674,1300.789683,385.548084
39,63548.6416,1667921053.47,0.066162298,-1.2565751,3.79082,-71.99645,0.50810262,1207.4382,9.4806678,1.5332345,0.9118049,-0.038061426,11.844674,0.19116,0.169035,0.024434,0.051706,67.931028,0.873669,1002.839479,244.505327
113,62900.3721,1611910569.08,2.259286,-1.1365445,129.447553,-65.119203,2.7925235,59.895465,6.4329455,1.2121819,0.4056202,-0.042730685,11.992653,0.14926,0.022268,0.005447,0.006096,39.101983,0.939691,57.961692,5.681332
115,62578.4506,1584096549.12,2.6486352,-0.50389484,151.755618,-28.871048,2.064026,607.11988,10.724337,1.4074059,0.83840376,0.026236278,11.919371,0.17437,0.078192,0.011722,0.023662,55.205414,0.473473,1027.93153,297.944132
158,61332.763,1476469141.25,4.3717974,-0.41336165,250.48554,-23.683878,2.0776688,199.77162,6.0095681,1.3869458,0.84965807,-0.0079708705,11.929307,0.17169,0.232704,0.037414,0.07454,63.178218,0.485445,260.548177,63.372606
197,63364.2923,1651993272.96,4.3969779,-0.29969775,251.928276,-17.171416,2.0407824,344.06273,6.1215779,1.5588056,0.75709885,0.027859168,11.823729,0.19469,0.092313,0.000374,0.036692,71.096697,0.452874,677.285552,195.652965
198,62936.493,1615031410.91,3.0377629,1.142181,174.050993,65.442151,0.65178005,914.18408,7.9344315,1.4383136,0.73431655,-0.039624176,11.903379,0.17844,0.059084,0.003365,0.020094,29.059375,0.795005,949.172102,192.623117
206,61677.3606,1506242374.59,0.7222994,0.22765353,41.384707,13.043586,2.6719136,1545.0404,8.4767658,1.674223,0.9377557,-0.017040581,11.717172,0.211,0.196203,0.012347,0.06714,19.574156,0.891714,1472.679638,558.702085
209,61030.4499,1450349286.7,3.4564419,1.2633689,198.039533,72.385706,1.4269774,494.3039,6.1046249,1.4693823,0.7419051,0.028433823,11.885968,0.18256,0.109549,0.010728,0.038387,57.55014,0.143324,1717.092225,570.217847
257,62420.8964,1570483871.08,5.2918127,-0.57083059,303.198534,-32.706184,1.7186163,398.52049,6.2751422,1.5464816,0.80464071,0.01239127,11.83354,0.19299,0.129227,0.007844,0.047666,64.83308,0.147282,735.60328,215.350902
267,62880.8298,1610222113.16,2.5058214,-0.91553238,143.57299,-52.456141,2.5170776,929.66134,8.2124501,1.5540602,0.84157779,-0.047970388,11.828291,0.19402,0.10356,0.005924,0.035403,17.198382,0.811247,792.085224,227.76914
275,61511.9752,1491953073.53,3.8405528,0.21102291,220.047466,12.090722,0.78518936,997.81172,9.652518,1.5535796,0.96830905,0.032898807,11.828814,0.19395,0.294628,0.046434,0.08873,39.295689,0.707254,1118.103927,370.258234
289,61738.3577,1511512522.67,4.0843913,1.2658593,234.018383,72.528395,2.3158491,660.52234,7.3910679,1.4445252,0.70920434,0.047573671,11.901371,0.17924,0.057248,0.002386,0.019996,21.337167,0.678011,803.016684,182.671267
290,64295.1376,1732418310.59,2.5151402,0.84237622,144.106918,48.264602,0.33771869,1210.5343,7.3107243,1.6842473,0.97243911,-0.01945751,11.706088,0.21247,0.319268,0.022566,0.11317,42.446279,0.943513,1118.218472,340.867353
362,63525.8603,1665952748.02,2.9307564,1.0929902,167.919973,62.623726,1.5739145,966.75926,10.909656,1.3528225,0.9817987,0.0039392263,11.945917,0.16723,0.388956,0.101244,0.102388,16.244873,0.003118,1522.519276,475.800232
388,63090.1205,1628304829.16,1.2212013,1.3617844,69.96968,78.024499,2.3317278,295.00048,10.486418,1.5368828,0.95030218,-0.021501819,11.841814,0.19166,0.223942,0.038302,0.066173,21.462165,0.689596,327.178633,81.45328
408,63638.7462,1675706087.8,2.6158273,-0.3192832,149.875864,-18.29358,1.4291389,298.31961,8.4009629,1.5050433,0.91332388,0.035219985,11.864145,0.18733,0.211849,0.032731,0.064517,40.389041,0.141184,994.203341,325.589802
419,63404.9322,1655504557.38,4.2365082,-0.17916126,242.73404,-10.265184,1.6323387,430.85745,8.9550539,1.4726645,0.9396612,-0.015870525,11.884265,0.18299,0.259931,0.047472,0.076034,39.946096,0.061504,862.758624,403.510846
437,63960.375,1703494815.56,4.5446854,0.85550697,260.391293,49.016939,2.0446233,926.83931,6.4108165,1.6594005,0.87945989,0.041707977,11.733254,0.20885,0.166107,0.003411,0.065486,47.356669,0.456295,1397.708733,463.893091
440,61070.9542,1453848862.36,2.3278171,0.12861392,133.374095,7.369035,0.6317352,934.02235,7.3037806,1.6578503,0.95628796,0.030417472,11.734879,0.20863,0.279901,0.021034,0.098189,22.072238,0.807004,1169.488479,371.602426
471,62489.4066,1576403151.41,4.7030203,0.86515635,269.463214,49.569807,2.71079,914.97179,7.5835715,1.523966,0.78498823,0.018881148,11.85088,0.1899,0.079991,0.00238,0.028439,44.563392,0.908631,1042.01463,373.037774
479,63310.3947,1647336523.19,3.3250693,0.51664022,190.512437,29.601304,2.1316934,386.2764,5.5571307,1.4453998,0.77144388,-0.042390211,11.900845,0.17935,0.157242,0.018512,0.055983,25.832888,0.531946,633.307405,165.430987
483,63429.6795,1657642727.97,6.0012867,0.75528962,343.8484,43.274908,2.922487,1623.9739,7.3275642,1.6793965,0.97580546,-0.0082193703,11.711814,0.21175,0.333141,0.02471,0.11741,23.462041,0.976092,1546.143836,566.733113
488,62608.8005,1586718784.78,3.2122872,1.321465,184.050499,75.714367,2.8993354,1385.2645,7.0768044,1.7085825,0.97544847,-0.042807237,11.677302,0.21607,0.326784,0.019344,0.119587,48.461851,0.970799,1335.793798,456.008601
509,62424.7421,1570816135.32,4.2821704,-0.62225658,245.350291,-35.652676,1.4044032,1024.4758,10.285588,1.7663338,0.96332932,0.021784482,11.600851,0.22485,0.176679,0.003338,0.062206,47.6121,0.165626,1690.303958,535.61294
519,63255.4677,1642590823.19,2.9950164,0.228975,171.601799,13.119301,0.91135343,787.06413,9.4675529,1.402984,0.93448799,0.047535098,11.921974,0.17378,0.257791,0.058371,0.071102,37.535227,0.612677,1158.276483,644.713655
523,62721.7739,1596479682.99,2.9154949,0.070592939,167.045553,4.044677,2.557693,403.22773,7.6522606,1.3726842,0.65036545,-0.038306229,11.936662,0.16982,0.038692,0.001056,0.013558,57.702558,0.834319,410.806083,60.818817
526,62376.9759,1566689133.91,2.1270545,-1.3705717,121.871246,-78.527974,2.8272376,2570.5569,8.4123845,1.7719848,0.96371957,-0.025448215,11.59192,0.22574,0.225332,0.006208,0.081185,53.255738,0.950996,2140.574533,620.932796
540,61411.6365,1483283813.22,3.6814968,0.86128697,210.934229,49.348108,0.22012426,1696.0563,6.7701608,1.7280732,0.95078723,0.0084696736,11.653557,0.21898,0.25346,0.008214,0.097995,42.846274,0.97587,1649.551402,559.24174
545,61879.21,1523682158.61,6.1011363,-1.0592599,349.56936,-60.691122,0.71025246,803.50989,5.8836781,1.625495,0.89048569,-0.023196708,11.767421,0.20399,0.209669,0.009663,0.083462,28.931528,0.758197,803.950469,299.708461
570,61984.8998,1532813764.26,3.8694162,-0.84721878,221.701217,-48.54206,0.74513939,682.84583,6.5817893,1.4444299,0.72203649,0.034987682,11.901424,0.17922,0.088588,0.009683,0.029585,38.267017,0.734993,735.092351,234.561255
571,63049.8646,1624826720.33,1.3110338,-0.68109908,75.116704,-39.024103,0.70043087,1119.3191,8.330137,1.6153472,0.90292009,0.0057406494,11.776694,0.20256,0.157798,0.011399,0.053288,44.000052,0.764565,1590.682312,483.171914
573,62231.4877,1554118955.36,1.1488825,0.64815062,65.826118,37.136295,2.4018749,675.25865,6.8376597,1.3894597,0.89277881,-0.017384797,11.928335,0.17202,0.260731,0.046448,0.078706,30.958562,0.738659,742.674666,214.352524
574,63518.8368,1665345917.27,0.33067654,0.027722878,18.94637,1.588404,0.56521328,1169.3192,9.8953255,1.4824202,0.89731935,-0.0059666386,11.878631,0.18429,0.150965,0.026373,0.044434,71.349968,0.844474,1206.754522,298.848683
593,62869.8041,1609269490.85,5.3519914,-0.29885894,306.646519,-17.123356,0.53519597,754.20746,13.604412,1.5149218,0.93185196,-0.046555815,11.856148,0.18869,0.109942,0.013212,0.034415,71.318206,0.860169,915.7086,193.160939
616,62225.5392,1553605001.75,4.7611751,0.065408248,272.795239,3.747617,2.856042,460.43726,6.2260097,1.3598497,0.83498573,-0.034357801,11.94197,0.16816,0.218489,0.039685,0.066941,53.259094,0.959507,467.815854,98.628291
660,62422.4179,1570615322.47,5.7846786,-0.29483603,331.43767,-16.89286,2.6551009,1249.0358,13.870819,1.793332,0.98389686,0.040138714,11.559192,0.2291,0.164592,0.001507,0.058048,57.184337,0.883978,962.748365,241.944782
678,62392.8763,1568062932.48,4.5335997,-1.1711717,259.756129,-67.103195,0.91297165,1190.7362,7.0301537,1.7008473,0.98003192,-0.030954198,11.686794,0.21492,0.349168,0.022183,0.127309,63.248406,0.611397,1748.929715,600.152432
752,61710.0447,1509066276.45,2.4304698,1.1691563,139.255662,66.987722,0.75112603,1033.4577,6.7653467,1.5593982,0.86404864,-0.0019424812,11.823356,0.19477,0.170812,0.014538,0.059619,54.519872,0.730921,1184.35091,401.870716
759,63495.8097,1663356375.89,0.92949887,0.45731894,53.256362,26.202445,1.119159,501.11133,5.5418847,1.5019086,0.9005311,-0.043725264,11.865715,0.18692,0.275208,0.027003,0.102447,31.605573,0.436439,901.846824,219.597025
778,63811.0055,1690589292.11,1.1466319,-1.3424697,65.697169,-76.917848,0.82240748,1518.252,9.8217552,1.7790187,0.9895201,-0.048574763,11.581846,0.22683,0.303227,0.020518,0.101947,54.082681,0.680459,1449.892895,457.410549
786,63584.5332,1671022084.2,2.9581162,-0.75514656,169.487574,-43.266711,0.33621066,671.97075,11.754215,1.4124887,0.85258276,0.026030707,11.917479,0.17503,0.06731,0.00606,0.021795,30.330698,0.944012,428.967467,157.795213
802,63769.8094,1687029950.98,1.5005621,-0.14467608,85.975875,-8.289329,2.1478294,567.27237,6.4807496,1.3625047,0.72600211,-0.047202864,11.940691,0.1685,0.118198,0.022825,0.035318,73.106518,0.54554,1591.666095,660.049536
818,61381.8894,1480713659.53,1.1147251,0.961756,63.869044,55.10456,0.94262435,368.20331,18.455994,1.5157229,0.96468857,-0.020556256,11.855749,0.1888,0.096706,0.003421,0.033187,68.372076,0.587667,507.618869,109.771904
844,61752.9749,1512775447.36,4.1440716,-0.33546595,237.437813,-19.220783,1.8442885,268.20997,5.3384538,1.2196243,0.39267168,-0.031967406,11.99313,0.15017,0.046282,0.014643,0.01203,26.327227,0.270095,396.333451,116.298285
877,62398.2035,1568523196.97,1.2351592,-1.1325008,70.769409,-64.887516,2.8738631,756.18313,5.9131989,1.6389334,0.96765059,0.016820015,11.753895,0.20591,0.353724,0.022312,0.138554,46.408414,0.964374,637.917878,139.873817
882,63456.0019,1659916984.7,2.0187502,-1.0783176,115.665866,-61.783047,0.47758858,2082.6866,9.8382272,1.7394906,0.95704566,0.0078736266,11.638355,0.22071,0.180874,0.006131,0.062861,27.010233,0.888106,1617.037904,516.054683
895,62608.5373,1586696037.81,5.0842556,-0.19613629,291.306388,-11.237782,1.3735564,429.05672,9.0902282,1.3806301,0.97297471,0.044578745,11.932673,0.17086,0.379359,0.082184,0.106021,73.972608,0.195964,1064.676447,357.641104
930,62235.6402,1554477731.57,0.86949995,-1.3272356,49.818677,-76.044998,1.4481848,785.7939,7.4295472,1.383203,0.93562914,0.03967572,11.931198,0.1712,0.318098,0.059933,0.093402,32.280657,0.122305,1341.236449,496.324921
967,61372.6419,1479914679.45,4.73337,1.1514662,271.202124,65.974154,2.1706829,1009.3129,8.9912583,1.6562287,0.95341661,-0.01389533,11.736771,0.20839,0.227155,0.020675,0.074602,29.210016,0.564549,1209.579333,465.690753
996,64481.2471,1748498166.95,4.7064599,0.18233549,269.660289,10.447054,0.96234999,320.17353,7.5358533,1.4325769,0.92296417,-0.00054228277,11.907589,0.17766,0.276763,0.04792,0.083035,44.762536,0.571593,387.070249,93.491762
997,63506.1488,1664249671.0,5.7248674,0.068417465,328.01074,3.920032,2.4977144,1230.2847,9.5099876,1.5721571,0.97149392,-0.04620478,11.813993,0.19652,0.303049,0.044796,0.09245,37.607925,0.799774,1185.302993,296.353063
1017,62566.7274,1583083667.73,4.9870554,0.37350348,285.737227,21.400173,2.225737,521.13555,8.4041551,1.2905146,0.64018614,0.0011990693,11.969,0.15922,0.034913,0.003938,0.011054,36.527822,0.609112,656.475745,119.038167
1018,61016.274,1449124492.13,3.451641,-0.45997711,197.764462,-26.354747,0.82583592,315.30876,10.735419,1.4031908,0.83242058,0.025210865,11.921818,0.17381,0.073253,0.010134,0.022468,71.455847,0.677943,373.075898,51.001052
1059,62541.5674,1580909844.64,2.6482596,-0.90268823,151.734098,-51.720226,0.84760202,1763.6841,9.7823681,1.7469065,0.95626666,0.030149653,11.628344,0.22185,0.176979,0.004575,0.062078,41.132894,0.661783,2254.908173,791.406905
1061,64363.4457,1738320127.42,3.9185816,0.3820147,224.518187,21.88783,0.94635531,828.67369,6.2682041,1.5139558,0.8288018,-0.049025414,11.856679,0.18856,0.162931,0.015872,0.057213,49.284145,0.584644,1090.278385,363.355811
1092,64317.7993,1734376278.87,2.8770666,-0.46885967,164.843774,-26.86368,2.7463849,1210.8435,6.2468192,1.7540647,0.95034913,-0.0078740773,11.618364,0.22295,0.2566,0.003562,0.106586,17.402209,0.922917,1363.205636,497.114238
1106,63186.5222,1636633939.42,5.2498957,0.39769328,300.796866,22.786146,0.43034162,996.42946,14.700885,1.5689146,0.96798633,-0.031121195,11.816992,0.19606,0.166828,0.027181,0.049683,51.060038,0.908823,1059.209406,236.061662
1113,61890.5806,1524664579.72,2.752943,-0.46618628,157.732015,-26.710506,0.58960788,1446.0074,6.4380887,1.7041123,0.93951454,0.035529478,11.683334,0.21539,0.246795,0.00847,0.097087,48.278655,0.831159,1589.056041,449.925203
1118,63223.8155,1639856076.38,0.85899873,0.43575132,49.217002,24.966712,0.27318991,421.08467,7.5266779,1.4045619,0.85564563,-0.040014463,11.920858,0.17399,0.187739,0.035966,0.054927,57.908602,0.962915,371.529693,64.564693
1172,63984.3565,1705566820.03,4.4514371,-1.1199123,255.048559,-64.166248,2.1707529,1133.4799,8.0872065,1.5691358,0.97946889,0.045433407,11.816795,0.19609,0.369088,0.046909,0.117281,20.318095,0.564607,1332.711759,386.310783
1192,64269.7761,1730227074.98,0.25547897,-0.28593143,14.637867,-16.382664,0.50927458,1276.5772,7.1215742,1.517234,0.87794697,-0.024704419,11.855034,0.189,0.191629,0.023178,0.062604,24.029802,0.873098,1348.015505,518.514184
1207,61938.1845,1528777560.45,4.5086607,-0.98404967,258.327229,-56.381893,2.4029844,660.76294,5.7285264,1.660376,0.94816728,-0.02810371,11.732153,0.20899,0.301528,0.014286,0.123255,27.929401,0.739406,767.196014,180.255671
1232,63740.2008,1684471766.48,1.0828796,0.06716762,62.044431,3.848421,2.5130578,553.61376,11.101614,1.4077486,0.90762157,0.045586971,11.919227,0.17441,0.160675,0.039186,0.043238,49.67939,0.80889,567.911816,118.889631
1245,61319.8199,1475350853.41,0.60511055,0.4304161,34.670281,24.661026,2.2544682,1615.1441,12.626359,1.6114186,0.97841644,0.02553207,11.780669,0.20199,0.24352,0.039139,0.072742,72.57144,0.631644,2137.68473,741.361181
1272,63148.4297,1633342742.48,4.9702795,-0.63297601,284.776038,-36.266854,2.4097677,733.04409,14.11085,1.5140848,0.96890692,-0.027847006,11.856604,0.18858,0.204956,0.044502,0.057086,20.633396,0.743956,920.05169,237.331685
1300,63876.6571,1696261587.4,5.2313379,0.70556646,299.733583,40.42598,0.5119007,618.73852,6.0486138,1.3720464,0.54567986,-0.041002587,11.936914,0.16974,0.03895,0.002033,0.013999,60.351629,0.871815,584.072379,129.49976
1359,64400.0052,1741478867.5,0.65428127,-0.17605447,37.487555,-10.087178,2.5004354,258.7905,7.2835286,1.2539229,0.81580868,0.0088921979,11.981525,0.15455,0.197547,0.054229,0.051441,35.302875,0.801404,286.95369,39.758831
1414,63834.5563,1692624081.58,3.932787,-0.94655208,225.332097,-54.233439,1.1560714,533.74047,7.080888,1.5824982,0.92752859,-0.034638888,11.805942,0.19794,0.248919,0.024317,0.084724,58.857537,0.402938,984.139112,379.595644
1444,63386.0468,1653872857.2,2.7110075,-0.27963737,155.329288,-16.022041,1.2591624,274.98613,6.3004214,1.2931317,0.63162735,-0.036480064,11.968074,0.15956,0.088154,0.021723,0.024455,60.876767,0.306614,643.64914,151.931276
1463,62320.6394,1561821662.02,1.3943477,-0.2249481,79.890238,-12.888577,1.6834213,273.86427,5.6126041,1.395262,0.96125635,0.018898628,11.926918,0.17275,0.410098,0.053878,0.140469,54.853306,0.112387,530.583796,183.489521
1480,61944.8755,1529355663.5,3.3700937,0.60776071,193.092146,34.822124,2.5163795,738.99468,9.0552723,1.4973648,0.86930246,0.032034011,11.868038,0.18632,0.129763,0.01829,0.039906,21.169512,0.810838,734.142417,142.097505
1491,64088.2468,1714542940.02,2.4634125,1.299332,141.143139,74.44624,1.186697,1249.9989,15.223059,1.6344854,0.97684346,-0.013290573,11.758218,0.20528,0.16684,0.020185,0.052176,23.829484,0.374724,2461.916415,737.860129
1502,62451.961,1573167844.96,1.9193434,0.027267804,109.970276,1.56233,0.78124386,280.24307,8.1499047,1.2562407,0.83531306,0.040170272,11.980659,0.15484,0.191095,0.056636,0.047991,32.939458,0.710038,347.509163,96.33453
1514,64192.4283,1723544221.74,5.9843335,-0.43067086,342.877053,-24.675623,2.4323933,762.68741,7.6669528,1.5371811,0.98191971,0.014439123,11.841535,0.1917,0.398642,0.051891,0.126999,27.655545,0.758884,731.322966,262.23618
1516,61577.0775,1497577912.17,4.4043137,-0.62489403,252.348587,-35.803791,2.926496,1206.9756,10.038141,1.4378862,0.96276504,-0.0301158,11.90355,0.17838,0.306164,0.065983,0.085579,59.42815,0.976956,1157.707226,360.449048
1538,63925.1186,1700448668.94,0.098933519,-0.43118327,5.668473,-24.704982,2.4996851,629.87851,6.7769372,1.6465784,0.9582535,0.00090932099,11.746173,0.20701,0.303223,0.022119,0.109658,25.032369,0.800955,865.678652,248.762857
1568,61759.4762,1513337161.27,4.8669081,-1.4341477,278.853293,-82.17061,2.120261,1206.075,7.4525445,1.7789828,0.95879539,0.028258472,11.581904,0.22683,0.234115,0.003511,0.089251,43.81479,0.522231,1329.002763,478.481119
1577,63287.0582,1645320247.13,1.4060921,-0.022808985,80.563143,-1.306859,2.4518824,801.3259,7.689871,1.5394208,0.96584506,0.037347045,11.83925,0.19201,0.338706,0.044291,0.107797,73.835163,0.77143,861.295993,325.650215
1602,63243.3423,1641543193.41,4.1059082,-0.81555271,235.251211,-46.727728,0.34536142,1036.6476,6.9159294,1.4759967,0.78348257,0.021323183,11.88262,0.18343,0.113256,0.012757,0.037368,24.815025,0.940953,1113.572233,304.475049
1618,61381.4346,1480674369.79,0.62446548,0.098550308,35.779236,5.646517,2.6628134,308.49926,9.7949069,1.3024583,0.88931856,-0.011784742,11.964731,0.16075,0.19958,0.05936,0.049919,56.455349,0.887558,293.194801,45.805471
1656,61195.2539,1464588353.52,1.8370838,-0.082110172,105.257148,-4.704566,1.7106331,514.96971,5.7131781,1.4301994,0.62370299,0.021247723,11.909245,0.17734,0.065761,0.004551,0.024219,68.545373,0.139381,922.608263,259.038968
1672,62150.9847,1547163493.07,2.5901149,-0.42470718,148.402652,-24.333929,0.66012358,720.58255,5.8327117,1.4102532,0.58984364,0.014554254,11.918288,0.17474,0.052499,0.003047,0.019249,65.061885,0.789916,833.771113,240.827459
1750,61359.8975,1478813563.03,4.3506375,-0.18126339,249.273167,-10.385627,0.662716,180.39864,6.8569379,1.2503966,0.52901947,-0.018138914,11.982848,0.1541,0.039169,0.010183,0.01046,74.722486,0.788324,273.345603,71.775552
1822,61956.5869,1530367525.81,2.6963028,1.1208624,154.486771,64.220685,1.867104,1360.1725,8.2666332,1.7766013,0.95439463,0.016905589,11.585053,0.22646,0.200391,0.001957,0.07393,72.293122,0.291991,1648.224308,556.626447
1826,64357.2797,1737787388.19,0.70848796,-1.0795235,40.59337,-61.85214,1.192299,869.49305,6.5888836,1.3925501,0.94792455,-0.00030780352,11.927557,0.17241,0.360882,0.057996,0.112319,21.777479,0.369525,1719.977829,491.994221
1894,62900.633,1611933107.89,5.2973018,0.28639916,303.513036,16.409463,0.61776645,1695.1599,9.9043479,1.611913,0.94363804,0.03480814,11.780178,0.20206,0.194388,0.022246,0.061573,74.25435,0.815174,1661.73578,507.794717
1895,62876.6731,1609862978.01,3.3574104,-0.67682901,192.365446,-38.779446,1.880102,414.07921,8.2917832,1.5944249,0.84536923,0.017544315,11.795928,0.19961,0.092366,4e-06,0.033572,20.068394,0.304397,989.57182,456.0319
1913,64044.7187,1710782114.63,5.8925202,-0.5293513,337.616538,-30.329595,2.4845275,1615.5989,8.086013,1.7053765,0.91841304,0.0057062458,11.681601,0.21559,0.157236,0.002166,0.057472,33.518049,0.791788,2073.067199,593.831792
1943,61169.7067,1462381078.53,0.52446719,0.30259406,30.049756,17.337363,2.3883347,826.26256,6.438901,1.4850175,0.87921822,0.015042402,11.876731,0.18464,0.224769,0.028249,0.074989,71.806934,0.729464,805.761474,183.493863
1979,61470.5141,1488370835.33,0.86236591,0.87402196,49.409927,50.07777,0.35147838,529.46498,6.0273625,1.4056209,0.71233575,0.013790826,11.920233,0.17413,0.111277,0.016305,0.0364,67.267189,0.938865,460.5032,75.434071
1999,61021.2724,1449556353.41,4.6372531,0.13944752,265.695031,7.989754,2.372541,665.71434,6.6172638,1.5245045,0.79673993,-0.040795933,11.850445,0.18997,0.118574,0.00886,0.041848,66.257448,0.718571,1119.000095,356.754942
2004,61280.1211,1471920879.57,4.0360645,0.088786497,231.249462,5.087092,0.77112804,924.84968,6.0871003,1.6184659,0.91755224,-0.015424094,11.773586,0.203,0.247258,0.015389,0.094691,66.065112,0.717125,1982.252963,568.566456
2035,63579.9127,1670622877.0,5.8139355,0.59594597,333.113967,34.145189,2.843253,250.01404,6.4665043,1.3485811,0.56352812,0.049109941,11.94824,0.16668,0.039566,0.003762,0.013231,37.031625,0.955826,229.711433,30.419176
2037,63260.9122,1643061230.64,6.2365982,-0.067874895,357.330755,-3.888945,0.28054487,1186.6003,8.709974,1.5644095,0.94969608,-0.0082316461,11.82048,0.19544,0.259069,0.035149,0.080675,54.520597,0.960905,1059.945292,255.734452
2039,61461.9866,1487634063.35,0.55802177,-1.0070897,31.972292,-57.701989,2.8112483,755.03077,7.0377705,1.5990991,0.95607327,-0.0021266538,11.791429,0.20027,0.307386,0.029381,0.105487,30.745418,0.945931,714.834386,157.212994
2041,63963.9605,1703804606.86,5.9646083,-1.1685886,341.746882,-66.955195,0.75354771,670.77284,5.7352115,1.4406028,0.87901041,0.01945002,11.90275,0.17873,0.259396,0.033154,0.08967,59.642029,0.729266,810.846656,234.895517
2043,63125.2102,1631336575.54,6.0032704,-0.1651466,343.962057,-9.462203,0.94058575,1165.2609,13.099581,1.6478823,0.96846596,-0.025332088,11.74475,0.2072,0.174264,0.019097,0.055222,46.412875,0.589315,1927.290297,658.906738
2075,61811.1999,1517806085.15,0.63454771,1.2758736,36.356906,73.102172,2.3673936,1286.5544,7.4208159,1.5218946,0.91094727,-0.046709725,11.852433,0.18962,0.230237,0.02986,0.07375,31.382979,0.714981,1904.660326,613.303204
2088,61147.7165,1460481121.81,3.1259232,0.46341266,179.102206,26.55159,2.1741571,1344.4928,18.755861,1.4776879,0.97276646,0.048747001,11.881735,0.18366,0.136297,0.025872,0.039285,58.203007,0.567413,2026.936198,582.708136
2100,63131.247,1631858156.88,4.4552233,0.36538768,255.265492,20.935172,2.4500365,1401.599,8.0006827,1.433398,0.96281771,0.0083799967,11.906875,0.17777,0.35491,0.062634,0.105275,34.676929,0.770255,1621.162187,510.240852
2118,62964.901,1617485861.69,2.6369737,0.33944892,151.087464,19.44899,1.6578515,711.57377,6.9314083,1.4839636,0.87114502,-0.017684336,11.877498,0.1845,0.199635,0.02707,0.064221,18.083337,0.086945,1534.234797,525.37905
2144,62960.2678,1617085556.57,0.079451461,0.54584768,4.552233,31.274768,0.41243959,564.86485,7.0179987,1.3452523,0.59799167,0.0088139159,11.949508,0.16625,0.03903,0.003546,0.012892,56.355557,0.916146,499.802702,132.736648
2156,63911.6789,1699287476.06,3.286479,-1.0178682,188.301376,-58.319552,0.24535869,941.64536,8.135568,1.3847328,0.80391528,-0.044572469,11.930374,0.1714,0.121567,0.025472,0.034463,17.450547,0.97005,776.406362,185.677612
2159,62929.6129,1614436969.19,5.9263177,-0.6170354,339.552992,-35.353524,1.2782213,686.3293,7.3155064,1.3986317,0.83938299,-0.045025222,11.925326,0.17319,0.177729,0.033886,0.052238,22.216714,0.288419,1207.061651,329.108187
2161,61544.4672,1494760386.64,3.7143841,-0.13865599,212.818532,-7.944403,0.27417178,1442.9664,7.7309425,1.6477251,0.9868794,0.015394403,11.744903,0.20717,0.386015,0.036633,0.12986,61.619545,0.96265,1433.498477,483.221841
2164,62714.9023,1595885977.2,5.0161259,0.35873024,287.402844,20.553729,2.1189804,224.89082,5.4967045,1.3021477,0.70065847,0.011411434,11.964844,0.16071,0.151914,0.031021,0.046636,51.481155,0.521138,253.732329,62.444389
2199,64213.3688,1725353484.34,1.2277688,-1.2797287,70.34597,-73.323053,2.4524169,868.12924,6.4842879,1.2917148,0.57384425,-0.0091244918,11.968576,0.15938,0.056471,0.013309,0.015788,54.029787,0.77177,791.264413,257.873831
2205,61899.7675,1525458330.93,1.8133047,0.84310572,103.894706,48.306399,0.47635591,369.42457,7.8483516,1.3767357,0.82727409,-0.027453505,11.934843,0.17035,0.155345,0.033491,0.043804,70.491492,0.888672,301.891868,65.41156
2211,61711.924,1509228650.91,4.6884729,-0.5739094,268.62971,-32.882586,0.042578744,627.56166,7.5115241,1.6011231,0.85350098,-0.015453198,11.789522,0.20055,0.121479,0.004494,0.043483,26.369353,0.999094,529.838693,108.051498
2265,63518.0421,1665277256.26,2.1666593,-0.3826946,124.140434,-21.926785,0.3251121,804.67363,6.4017184,1.5712485,0.87657097,0.00046929189,11.814848,0.19639,0.193851,0.015241,0.070004,64.851866,0.947615,1170.044352,460.774134
2267,62703.1164,1594867677.43,5.9234775,0.13904522,339.390261,7.966704,1.1942367,392.21814,9.4883593,1.4987882,0.92515748,-0.002960517,11.867241,0.18651,0.205688,0.035927,0.060642,46.786735,0.367723,839.879085,222.807986
2317,64272.6241,1730473138.39,5.6709031,0.44863257,324.918814,25.704753,0.94798154,1173.6258,7.7610708,1.4046604,0.86392757,-0.0069541847,11.920796,0.17401,0.190668,0.037449,0.055247,48.680389,0.583324,1413.112502,427.440097
2337,63147.8912,1633296221.53,2.4907433,-0.9171394,142.709079,-52.548217,1.701941,841.51666,8.4143539,1.5636145,0.94338782,0.039053522,11.820983,0.19533,0.25183,0.032844,0.079207,69.071474,0.130769,1793.638137,622.140503
2353,63674.2843,1678776578.65,1.3007455,0.79654167,74.527227,45.638476,1.0470397,50.141736,7.8083283,1.3346475,0.82955076,0.0029948173,11.952614,0.16489,0.171772,0.04152,0.046727,17.451305,0.500137,74.783993,11.306507
2361,61201.9294,1465165116.75,0.049508846,1.1615808,2.836648,66.553677,1.0630603,675.57901,5.7798461,1.4449781,0.91242893,0.048792993,11.901107,0.1793,0.303038,0.038014,0.104797,73.611048,0.4862,1287.502753,445.799762
2368,63475.0267,1661560721.35,5.6876454,-0.65075745,325.878077,-37.285655,1.5670819,325.60229,5.4025301,1.4192113,0.56142271,0.0096528221,11.91401,0.17591,0.051656,0.00184,0.02021,16.206055,0.003714,648.387472,205.14602
2385,62645.7622,1589912272.58,1.7648293,-0.01808053,101.11727,-1.035938,0.77786955,167.2677,7.6194236,1.4390592,0.87069442,0.033845534,11.903134,0.17853,0.192611,0.033496,0.057679,40.494602,0.71241,199.962845,28.302571
2405,62265.6985,1557074764.37,1.7584856,0.55623432,100.753803,31.869879,0.59701376,1375.3377,7.4922507,1.6457436,0.97357748,0.036149399,11.747196,0.20688,0.333134,0.029546,0.113863,53.381209,0.827018,1915.467168,655.003866
2424,61176.9818,1463009647.23,1.0273358,-0.22569289,58.862005,-12.93125,1.1674596,755.01022,11.355565,1.475593,0.97520055,-0.025599898,11.882821,0.18338,0.309238,0.067387,0.086087,44.985166,0.392489,992.12376,223.509902
2441,62906.0,1612396814.84,0.4119193,0.90935575,23.601237,52.102247,1.6073926,300.41631,7.6115412,1.2997366,0.73102885,0.01927388,11.965714,0.1604,0.104375,0.028009,0.027394,17.20131,0.036588,621.914595,213.268908
2451,61014.151,1448941065.47,0.013504872,0.48951635,0.773772,28.047221,2.2192304,960.67616,15.60563,1.6708138,0.9850048,0.038379872,11.721189,0.2105,0.188431,0.022669,0.058974,34.241625,0.603939,1185.791666,273.690911
2479,61460.7513,1487527330.66,3.3545083,-0.83012584,192.199168,-47.562707,1.9973844,1239.2544,6.9123392,1.6374729,0.86135909,0.017446354,11.755101,0.20571,0.136048,0.002524,0.051508,62.774556,0.413767,1757.227604,578.264105
2499,62441.2886,1572245755.95,4.7345565,-1.0156568,271.270105,-58.192848,0.37638575,1531.8575,6.971918,1.8399397,0.97905258,0.034551195,11.476724,0.23675,0.288049,0.000776,0.116838,73.424179,0.929999,1351.692304,366.393696
2504,62968.46,1617793359.15,0.88139621,0.81861073,50.500283,46.90294,2.8199187,3203.0757,10.179957,1.6923128,0.95213854,-0.038941454,11.697668,0.21364,0.177559,0.011019,0.059637,16.621034,0.948708,2364.409844,702.966136
2525,64238.6094,1727534272.09,5.6203217,-0.20914581,322.020713,-11.983172,1.3827469,446.59142,5.7748293,1.4024541,0.81093056,-0.0044375421,11.922386,0.17371,0.196818,0.029346,0.065317,61.746965,0.186943,1123.40467,423.8339
2569,61229.0556,1467508823.73,4.0556348,0.17667959,232.370757,10.122995,2.799937,1256.3741,10.874939,1.5183751,0.96108008,0.0070448637,11.854477,0.18915,0.252642,0.047835,0.072948,58.710493,0.942201,1068.903951,319.073426
2599,63976.8531,1704918523.44,1.40682,0.87442886,80.604849,50.101083,1.1544735,1282.7104,6.7130186,1.7287197,0.93957536,0.023277106,11.652748,0.21908,0.229276,0.005323,0.089899,36.291404,0.4044,1849.086295,519.248206
2622,61056.4456,1452595321.16,0.0028117655,-1.2371034,0.161102,-70.880804,0.47736186,761.78225,11.721633,1.4521867,0.93049789,0.011455013,11.896117,0.18027,0.174226,0.039093,0.048089,27.291195,0.88821,842.105812,195.314533
2635,61728.7379,1510681374.6,0.58374243,-1.3847889,33.445978,-79.342559,2.1844237,1133.452,7.8537146,1.6504967,0.89922338,-0.024875806,11.743169,0.20755,0.153343,0.006233,0.054471,17.000821,0.575837,1785.675899,588.560796
2699,61472.7136,1488560875.28,2.2629462,-0.055890156,129.657267,-3.20227,2.3491026,1409.048,7.0883041,1.5821111,0.96472682,0.01540513,11.8063,0.19789,0.335855,0.03493,0.113464,56.428207,0.702074,1867.663781,543.033937
2708,63111.8971,1630186330.62,5.5438058,-1.1483569,317.636675,-65.796004,1.0211236,695.97502,7.7978462,1.298079,0.64373008,0.039123935,11.966309,0.16019,0.049441,0.010411,0.013978,20.460395,0.522408,1346.103955,471.890676
2715,62043.3407,1537863055.5,2.9740383,-0.44834281,170.399843,-25.688151,0.94324854,1005.5062,14.861963,1.6487173,0.9775126,0.026807883,11.74405,0.20731,0.172216,0.019979,0.054164,74.89181,0.587162,1654.738861,506.841412
2744,63872.3914,1695893036.29,2.2418624,0.73709275,128.449254,42.232304,2.2016396,655.27375,6.0861923,1.3755222,0.62655083,-0.011027745,11.935438,0.17019,0.070193,0.010234,0.022707,34.788538,0.589826,1208.238063,427.105192
2756,63171.1006,1635301506.55,0.79884995,-0.1568506,45.770731,-8.986877,0.28181266,697.94956,8.8445594,1.73058,0.93811867,0.0019132174,11.650195,0.21936,0.164375,0.002374,0.059059,41.545192,0.960553,661.99053,126.789935
2762,63575.8341,1670270486.33,1.9014089,0.051910083,108.942705,2.974229,2.2388301,1202.3452,8.2697464,1.7384173,0.93940648,0.038533486,11.639952,0.22055,0.180153,0.002907,0.065635,42.128729,0.619444,1667.883793,503.567241
2768,63639.5112,1675772189.7,5.9857805,-0.70356674,342.95996,-40.311405,0.16395632,764.508,10.80192,1.5241912,0.95704346,0.0073560621,11.850699,0.18993,0.239798,0.04416,0.069692,20.597699,0.986589,667.004439,160.775417
2779,63896.624,1697986729.63,2.9905599,1.0698275,171.346461,61.296601,0.75720371,730.88803,13.602921,1.447128,0.89300649,-0.011618092,11.899653,0.17959,0.065866,0.000373,0.023301,25.720881,0.72676,712.198915,183.240006
2789,63592.0335,1671670110.58,4.950441,-0.89955573,283.639376,-51.540747,2.8089775,1651.4922,10.426603,1.7492289,0.98049479,-0.046520472,11.624601,0.22221,0.248557,0.01783,0.082668,33.469438,0.945192,1624.8382,633.985556
2821,63515.2137,1665032878.19,0.15740135,0.86981113,9.018433,49.836507,2.4720385,389.49533,10.858378,1.2596709,0.97064518,0.013942236,11.979495,0.15528,0.369116,0.113626,0.090905,38.200761,0.784098,370.677979,81.593554
2824,63412.6264,1656169342.53,0.49415794,0.9160879,28.313164,52.48797,2.0946767,585.90625,6.3782321,1.3340898,0.65812035,-0.041896036,11.952845,0.16482,0.088382,0.018444,0.025865,43.410297,0.500244,1068.869543,364.65078
2828,62437.1818,1571890925.2,3.0656681,-1.2946427,175.649844,-74.177563,1.2554413,357.86616,7.2428971,1.4485729,0.69958905,-0.022700056,11.89859,0.17978,0.054866,0.001383,0.019579,29.619575,0.310154,709.699938,202.881229
2834,61786.4381,1515666669.52,1.2552557,-0.23227084,71.920854,-13.308139,0.67250808,1488.072,6.5186932,1.6635633,0.98282154,-0.021039999,11.728631,0.20946,0.385959,0.026646,0.143559,52.567293,0.782262,1500.991839,519.054231
2869,62397.0095,1568420039.8,3.4466427,-0.69878237,197.47808,-40.037281,1.6522028,647.1353,6.552876,1.7319774,0.96619569,0.0060617265,11.648162,0.21958,0.299644,0.011358,0.117347,29.558103,0.081317,1145.142042,405.108692
2905,64259.064,1729301550.72,5.232663,-0.32474822,299.809506,-18.606702,1.3875613,700.80293,6.3792104,1.4934595,0.72886162,0.0031281264,11.870637,0.18579,0.084877,0.004611,0.030812,41.40014,0.182211,1793.151103,553.907937
2908,63111.7288,1630171787.48,2.8984332,-1.2050447,166.06799,-69.043975,0.3719996,1122.4208,9.5559325,1.4106762,0.793228,0.021111828,11.918139,0.17479,0.065879,0.007313,0.020879,19.570719,0.931602,1083.289586,230.470974
2938,62338.9375,1563402621.57,2.4961618,-0.70917324,143.019536,-40.632634,2.8611368,1203.4742,8.97768,1.4133121,0.84914658,-0.045846202,11.917159,0.17513,0.134597,0.027599,0.038217,20.759468,0.960929,1109.145241,271.488249
2960,63602.922,1672610875.63,0.64521975,-0.32674911,36.968369,-18.721345,2.3634305,1007.1551,7.3805261,1.4290658,0.7487493,0.0013748578,11.909715,0.1772,0.086758,0.01161,0.027347,54.885863,0.712205,1374.358582,466.76247
3009,62289.3476,1559118050.47,4.8974639,0.80292527,280.604012,46.004229,1.0251364,1234.9308,9.111327,1.6926114,0.97317731,0.023281986,11.697156,0.21369,0.273435,0.023989,0.090221,24.70384,0.518982,1891.429687,580.916674
3010,62921.1905,1613709278.82,0.10170462,1.4882465,5.827245,85.270243,0.75160637,859.21509,7.0480649,1.5167393,0.94946876,0.013042911,11.855267,0.18893,0.317825,0.040318,0.10343,15.629763,0.730593,852.870946,218.937215
3013,62991.9022,1619818769.33,2.1777582,-0.76711451,124.776354,-43.952424,1.5695873,555.26586,18.429053,1.427639,0.96357499,0.025430153,11.910108,0.17701,0.12479,0.025835,0.035204,26.616673,0.001209,940.182618,340.346837
3037,62944.1468,1615692700.93,5.0259267,0.26048901,287.964388,14.924921,2.2711561,813.74802,7.7602944,1.5715312,0.97641755,-0.01231922,11.814582,0.19643,0.363043,0.043744,0.11719,50.470996,0.644493,890.183949,210.020085
3080,64413.6982,1742661943.36,6.029152,-0.81316289,345.444964,-46.590802,0.77230155,242.67278,5.596302,1.2863904,0.49875427,0.043165549,11.970451,0.15869,0.05583,0.012737,0.016422,36.970542,0.716307,318.092168,101.791048
3103,64448.4916,1745668089.55,5.497646,0.79474122,314.991913,45.535318,2.1355226,400.83852,5.5110406,1.3288384,0.47686024,0.012759093,11.954981,0.16414,0.041009,0.005499,0.013804,47.604257,0.535185,535.032565,138.713194
3112,63888.2659,1697264595.08,3.5086789,-0.081342493,201.032493,-4.660582,0.83773144,776.24635,7.0291064,1.541631,0.95776954,0.043585577,11.83696,0.19233,0.330945,0.03879,0.109522,21.436642,0.66915,905.717504,216.134267
3116,62960.1526,1617075602.21,2.7566858,-0.58827174,157.946462,-33.705488,0.8749186,1227.1026,8.3401782,1.5331783,0.81023063,0.040189554,11.844711,0.19115,0.076848,0.001188,0.027329,49.933748,0.641059,1226.856096,369.502703
3148,62259.2662,1556519018.51,4.3884165,0.53001414,251.437744,30.367573,2.4222551,193.50986,7.3466303,1.1885326,0.80025866,-0.033171074,11.999761,0.14626,0.199494,0.063355,0.048681,17.770868,0.752242,283.181057,54.254519
3157,61842.8529,1520540911.55,1.4103144,0.91280261,80.805063,52.299737,0.96879667,749.08453,5.9542163,1.4901612,0.9312925,0.036300745,11.873074,0.18534,0.316643,0.035656,0.111168,21.679349,0.566292,899.377345,293.284029
3165,64335.7532,1735927495.7,2.2932482,0.33811419,131.393443,19.372516,2.047852,1253.1257,12.632776,1.5756236,0.95445624,0.030933369,11.810994,0.197,0.167246,0.024642,0.05075,41.304164,0.459166,1221.294427,397.320908
3166,62308.4739,1560770567.12,3.7936773,0.60472673,217.361698,34.648289,2.4218413,894.59454,6.5610716,1.2950582,0.56909782,0.0062979007,11.967389,0.15981,0.051553,0.011524,0.014616,17.089354,0.75197,788.633659,274.403953
3183,61072.2696,1453962514.99,5.7763567,-1.3194193,330.96086,-75.597157,0.5039276,1652.9429,15.320717,1.6520279,0.97946152,0.039067586,11.74235,0.20776,0.170647,0.019451,0.053792,16.210198,0.875693,1987.675484,675.304634
3202,61959.2097,1530594138.69,4.1281737,0.95622592,236.52693,54.787709,1.2648104,523.27315,9.3100672,1.40166,0.8292266,0.037054061,11.923019,0.1736,0.107356,0.021704,0.03055,18.879974,0.301233,894.748065,279.470093
3225,61521.0806,1492739785.41,3.1343125,1.0327248,179.582878,59.170772,2.4511384,603.66341,6.4902364,1.4065429,0.78887019,-0.034675732,11.919762,0.17426,0.152608,0.025276,0.047557,35.677875,0.770957,686.349857,174.240522
3230,63191.0254,1637023015.31,3.408804,0.50509952,195.310082,28.940071,2.6640001,1152.197,7.0375805,1.4449835,0.93940554,0.02324488,11.901104,0.1793,0.317871,0.049089,0.098954,42.243384,0.888104,1101.777102,268.664526
3253,63068.6632,1626450916.96,5.7555761,-0.15054275,329.770219,-8.625464,0.89075235,447.35691,10.64667,1.5458082,0.90550815,0.048186093,11.833895,0.1929,0.122501,0.013586,0.038817,46.244502,0.628827,1153.522232,448.610866
3258,63331.7378,1649180560.24,4.2073835,-1.2545555,241.065317,-71.880735,1.2614374,378.61894,15.206741,1.36242,0.90720627,0.039987366,11.94073,0.16849,0.079017,0.011632,0.023973,37.852223,0.304448,512.488466,159.306262
3266,61369.4361,1479637693.99,3.4155722,-0.044877988,195.697872,-2.571319,2.3860588,418.25966,5.7882748,1.5027865,0.97395007,0.038854084,11.865314,0.18703,0.415339,0.042501,0.150309,72.720222,0.727906,426.598518,77.921553
3279,64146.4735,1719573729.69,1.7219716,-0.31698273,98.661705,-18.161773,0.97454137,1481.1954,14.469842,1.503932,0.95712017,-0.022686161,11.864759,0.18718,0.158997,0.031776,0.045262,47.907815,0.561548,1972.190912,649.219916
3355,61703.7906,1508525924.16,3.2602508,-0.42957911,186.798611,-24.61307,0.82165146,1361.5188,7.6457764,1.84445,0.98770715,0.039163477,11.468442,0.2375,0.312263,0.005423,0.119311,71.390511,0.681013,1546.064366,506.982796
3366,63129.3827,1631697081.15,4.0179999,-0.57588262,230.214436,-32.995644,0.31648131,779.82075,6.7596997,1.5109625,0.74594368,0.017491384,11.858939,0.18815,0.079515,0.002585,0.029021,24.619249,0.950336,685.12106,177.484365
3372,62232.5078,1554207096.12,0.40440482,0.32121021,23.170689,18.403989,1.9823118,770.76927,7.6992981,1.4943489,0.88769415,0.0047404068,11.869997,0.18591,0.195249,0.028352,0.060758,52.926323,0.399999,1048.499946,380.142648
3373,61226.8716,1467320128.08,5.6457852,-0.66532468,323.479664,-38.120296,2.2020693,542.80411,7.4339387,1.3886358,0.81653997,-0.015766495,11.928621,0.17191,0.153562,0.030557,0.044521,21.832378,0.590173,755.884124,172.777423
3408,63693.4956,1680436435.48,4.7520134,-0.10068653,272.270312,-5.768913,0.55358495,755.53878,8.2898403,1.5283765,0.88767857,-0.024710926,11.847521,0.1905,0.166406,0.021493,0.052363,22.072012,0.850645,793.255864,200.351761
3438,62475.1133,1575168204.54,0.57345298,0.26345814,32.856436,15.09504,1.3744878,625.07743,12.200166,1.6746739,0.98208171,0.038848928,11.716613,0.21107,0.246411,0.030861,0.07676,21.90019,0.19505,1654.538022,557.774651
3473,62071.2395,1540273511.26,1.7692142,-0.20771091,101.368507,-11.900959,1.860582,591.99622,6.043402,1.5256852,0.94939849,0.02926145,11.849487,0.19014,0.339985,0.03469,0.121308,33.122904,0.285747,848.580034,243.763062
3501,63364.3057,1651994432.49,1.8601401,0.20057426,106.578177,11.492059,1.3135752,812.69892,7.6189261,1.4871107,0.83228408,-0.00033718304,11.875245,0.18493,0.132865,0.017234,0.042136,67.322276,0.254394,1721.91513,527.903232
3528,61079.9006,1454621833.41,5.6774523,-0.50605895,325.294055,-28.995042,2.0792199,313.94745,5.9522733,1.5930065,0.86954863,0.045879793,11.797133,0.19941,0.191697,0.010994,0.074064,23.068116,0.486801,595.173588,312.979107
3553,62222.2779,1553323227.29,1.9256074,0.36915147,110.329177,21.150821,2.0320359,442.00141,15.081679,1.2802119,0.90372214,0.020803985,11.972597,0.1579,0.101108,0.031084,0.024912,40.268257,0.445058,965.512635,331.564337
3577,62218.8841,1553030007.95,4.6831225,-1.0279679,268.323154,-58.898222,0.62560278,474.99053,6.4397861,1.4709881,0.73827965,0.016036769,11.88513,0.18277,0.095895,0.008761,0.033127,58.712969,0.81061,574.953408,194.366414
3630,63682.4898,1679485536.18,3.7461042,0.26965157,214.63596,15.449897,0.4408016,934.53288,7.1052373,1.5752652,0.97574868,-0.0031089564,11.811266,0.19695,0.373785,0.040106,0.125529,20.731073,0.90441,1011.985013,290.590801
3654,61422.7418,1484243310.27,2.5568353,0.61459159,146.495872,35.213504,2.7501581,1032.6839,7.8076193,1.6306859,0.94488816,0.0084684774,11.762184,0.20473,0.247734,0.022197,0.083378,35.3353,0.924363,1801.809895,713.901442
3691,63464.021,1660609831.37,2.2441162,-0.46076153,128.578387,-26.399691,2.1905975,471.08316,11.005092,1.5281693,0.93032587,-0.0092539559,11.847653,0.19048,0.165572,0.027092,0.049321,43.655239,0.580873,639.307419,155.913179
3738,63800.4112,1689673947.95,5.9474344,-0.38267534,340.76289,-21.925682,0.19234366,447.40608,7.7605027,1.4695564,0.93254217,-0.019537626,11.885878,0.18258,0.277446,0.044759,0.084381,23.297976,0.981559,408.597208,66.568354
3750,61507.1377,1491535111.76,2.5527672,-0.7839448,146.262787,-44.916728,0.36094862,434.5916,14.997062,1.4226306,0.9842463,-0.03843927,11.911773,0.17637,0.297108,0.086247,0.075017,25.779633,0.935562,416.207623,59.396002
3760,62628.8143,1588447975.56,4.4805446,-0.78550269,256.716296,-45.005989,0.48147168,701.08752,11.034118,1.5050057,0.9642468,-0.022492477,11.864168,0.18733,0.264156,0.052562,0.075346,40.215418,0.886314,715.333118,141.459427
3794,63046.0398,1624496255.44,4.1565588,1.0431789,238.153277,59.769748,2.0861277,453.7732,6.473759,1.5108049,0.77549142,-0.048126709,11.859087,0.18813,0.109889,0.008148,0.039005,48.546924,0.492823,655.494086,137.081562
3814,63016.5879,1621951612.89,0.64274935,0.15793851,36.826825,9.04921,1.5728807,275.9651,6.7713978,1.5546425,0.91357122,-0.006595618,11.827642,0.1941,0.242496,0.024934,0.082874,17.736349,0.002084,293.277059,29.383109
3824,63640.1113,1675824032.53,2.096274,-0.40319236,120.107653,-23.101221,1.1718763,456.18327,9.008378,1.4423749,0.80457413,-0.027573214,11.902303,0.17896,0.080486,0.009793,0.025267,47.507495,0.388423,770.821904,232.126037
3888,61156.8266,1461268235.64,5.7963353,0.72603414,332.105549,41.598692,1.1178685,581.25723,11.407657,1.460841,0.93329475,-0.010212333,11.890363,0.18143,0.185332,0.040513,0.051544,58.729554,0.4376,919.988662,249.800203
3900,62818.8393,1604866134.74,4.4322035,1.3859487,253.946554,79.409011,1.0280285,734.27537,6.281883,1.4313979,0.87389243,0.032818688,11.908515,0.1775,0.239483,0.03515,0.077614,36.640964,0.516508,1308.12842,391.243067
3916,62410.254,1569564363.51,5.5367416,-1.046046,317.231926,-59.934021,2.54376,1069.6544,13.595474,1.4655985,0.96364388,-0.044593778,11.887849,0.18206,0.215223,0.052745,0.057806,62.878402,0.826557,1404.761723,586.650102
3931,63961.0085,1703549551.34,0.24950634,0.18944174,14.29566,10.854212,2.526325,1027.5665,6.7842961,1.4830145,0.89185487,0.035186043,11.878195,0.18437,0.232268,0.031307,0.075256,62.08405,0.816619,1199.582055,369.408141
4032,64153.792,1720206043.2,1.3825879,1.2405706,79.216451,71.07946,0.83116155,557.89325,7.8313778,1.481023,0.83058279,0.018254558,11.879633,0.1841,0.126712,0.016984,0.039784,25.391364,0.674018,902.530049,311.409122
4058,61885.4679,1524222843.85,3.1150729,0.54420814,178.48053,31.18083,0.25029959,907.48926,6.3934752,1.5074086,0.71353855,-0.039742612,11.862393,0.18765,0.071011,0.000644,0.027091,53.814867,0.968838,795.955571,184.882745
4070,62290.2922,1559199661.95,1.7696203,-0.019403233,101.391775,-1.111723,0.88620769,441.60802,8.5320731,1.6448756,0.98999918,0.034318072,11.748269,0.20676,0.389666,0.042353,0.126297,39.448232,0.632354,537.988224,127.247709
4077,61837.2198,1520054209.48,4.5909375,-0.85432844,263.041343,-48.949414,0.51956665,1189.3738,7.0496198,1.5042522,0.75732949,0.02521679,11.864592,0.18723,0.080781,0.003703,0.028658,53.140293,0.868034,886.841505,240.612174
4100,61615.5501,1500901943.44,0.37842915,-0.96899783,21.682393,-55.519486,2.8054399,747.47935,6.4559026,1.3851266,0.76908526,0.038698502,11.930172,0.17145,0.143931,0.025656,0.044044,67.154036,0.944031,644.369158,170.052135
4136,64001.0264,1707007097.99,2.5955436,0.96475179,148.713694,55.276206,2.5741258,1289.9396,7.8889968,1.3875912,0.89513109,-0.011691437,11.92903,0.17177,0.234843,0.048309,0.067071,58.26029,0.843265,1019.894672,292.676314
4142,62266.1821,1557116553.39,1.730667,1.178875,99.159915,67.544562,2.761907,1338.9066,7.1297079,1.5918537,0.84609912,-0.027701789,11.797963,0.19925,0.128035,0.005746,0.046114,40.152305,0.928781,1716.596229,569.918019
4216,62759.6313,1599750563.93,5.6280528,-1.394125,322.463672,-79.877479,0.92020314,1024.7781,7.0649652,1.4689532,0.90541568,-0.0065558695,11.88619,0.1825,0.24881,0.03673,0.078315,74.851324,0.605659,1297.94024,408.980584
4257,64419.9054,1743198241.09,5.4050306,1.0542221,309.685442,60.402477,1.2039618,914.18088,7.9034571,1.6311685,0.95693001,0.043441767,11.761688,0.2048,0.275543,0.026295,0.091874,59.700297,0.358662,1533.804214,532.012992
4291,64015.5484,1708261802.15,2.5410554,0.072206835,145.59175,4.137147,1.7816916,936.17858,9.8234536,1.4262163,0.87793436,0.010934142,11.910419,0.17683,0.142936,0.029996,0.040251,52.670105,0.209335,1637.771107,592.776366
4303,64462.786,1746903130.21,1.1209885,-0.55191025,64.22791,-31.622128,0.53960528,702.73162,8.8170362,1.4361197,0.78067128,0.0012944684,11.904574,0.17815,0.068035,0.006295,0.022085,54.450051,0.857912,677.139191,152.546233
4313,63957.3925,1703237126.24,1.5099107,-0.23443166,86.511511,-13.431945,2.3886738,1035.1026,14.138035,1.5599712,0.93795959,-0.021187432,11.823022,0.19484,0.095931,0.003543,0.03287,71.532843,0.729696,1617.173095,545.239122
4335,61599.4742,1499512992.6,3.2386883,0.37857439,185.563171,21.690715,2.3925828,1635.9789,12.268488,1.5469334,0.97712713,-0.0002560774,11.833312,0.19305,0.270868,0.052582,0.077687,56.022356,0.732363,2111.751498,644.937721
4340,63016.1665,1621915199.73,1.3574877,0.075258084,77.778316,4.311971,2.8181219,495.69012,6.0584903,1.3148458,0.4905986,0.037542536,11.960196,0.16234,0.033507,0.004061,0.011002,55.59616,0.948138,442.613718,96.498758
4352,61669.2116,1505538303.15,1.0813119,-0.64397627,61.954608,-36.897122,1.2852332,688.93584,8.3932245,1.5113162,0.89377152,0.0032248242,11.858614,0.1882,0.17807,0.025759,0.054889,26.209805,0.281698,1994.461231,573.876711
4359,64189.0813,1723255038.3,4.2714556,0.097005487,244.736378,5.558005,1.6329415,545.08659,6.1643674,1.3782266,0.94732126,-0.0099757075,11.934047,0.17054,0.372555,0.05752,0.118853,33.621682,0.062105,1731.900522,485.305413
4380,63998.1972,1706762655.52,5.7992118,1.0647825,332.270361,61.007543,2.8175283,1176.4812,10.862033,1.465912,0.8510528,-0.0054838326,11.887699,0.1821,0.071089,0.004138,0.023838,58.147683,0.947949,1165.891159,439.326208
4382,64261.0393,1729472215.87,2.9010441,-0.18833388,166.217583,-10.790736,1.8589237,865.38556,7.6004706,1.6049205,0.95167908,0.031582138,11.785785,0.20109,0.279263,0.028302,0.093041,64.821969,0.284157,1174.05777,372.997301
4390,61105.3038,1456816663.31,4.2632465,-0.9938524,244.266031,-56.943548,2.6293876,996.5223,9.7446236,1.5624153,0.95910343,-0.03317437,11.82169,0.19517,0.258955,0.0395,0.078442,22.297584,0.871666,901.870287,224.539331
4400,61922.7468,1527443741.03,4.824043,-0.24664105,276.397304,-14.131491,2.1698942,577.06269,6.2864312,1.3707821,0.72447321,-0.027138744,11.9374,0.16957,0.121078,0.022073,0.037047,19.718528,0.563898,702.988962,177.355071
4401,62492.4484,1576665961.07,4.8592409,-0.45829375,278.413995,-26.258298,1.0572654,219.2184,5.5139614,1.2463041,0.57425687,0.027706071,11.983968,0.15358,0.099305,0.0263,0.027649,31.176638,0.491256,315.771166,83.05686
4408,61136.5003,1459512044.69,1.4183791,0.97168035,81.267136,55.673183,2.771376,482.96106,5.5309995,1.344643,0.83887954,0.038660185,11.949676,0.16617,0.248289,0.040943,0.080907,47.690621,0.932249,442.973641,89.141034
4414,61384.8854,1480972519.86,0.79969047,-0.29730694,45.818889,-17.034433,1.3837963,1339.3322,6.910908,1.577687,0.82246269,-0.0020368028,11.809608,0.19728,0.115509,0.004353,0.042251,15.325047,0.185912,1633.229099,535.188521
4417,61721.3181,1510040304.11,5.8572938,-0.87673015,335.598214,-50.232937,2.3290375,852.09701,12.711544,1.5664344,0.94247077,-0.034674334,11.819051,0.19572,0.136795,0.016984,0.042636,40.89774,0.687646,1127.994925,311.227152
4421,61845.8821,1520802631.9,0.054807379,0.7667121,3.140232,43.929367,0.31496296,870.84926,7.6936008,1.4635272,0.79792401,-0.035336405,11.888863,0.18179,0.105468,0.013577,0.033345,69.071511,0.950808,954.769733,209.076916
4436,63459.6724,1660234116.89,2.2882173,0.90204942,131.105194,51.683625,0.69312871,1639.6483,6.6951499,1.6473134,0.8765358,-0.032666809,11.745332,0.20712,0.157819,0.004265,0.060253,53.712409,0.769251,1720.274594,528.760622
4465,61094.9685,1455923697.07,0.72896266,-1.2483364,41.766484,-71.524407,0.54800182,772.38046,7.1307863,1.5542918,0.79674821,0.0041676395,11.828034,0.19405,0.093428,0.00247,0.034032,69.361033,0.853567,780.901042,190.128941
4471,61316.9583,1475103614.42,2.8048512,-0.6083546,160.706136,-34.856151,0.98400485,1210.1998,6.6133489,1.5095044,0.97560225,-0.010348055,11.860364,0.18795,0.402967,0.047743,0.135015,30.026575,0.553692,1517.844179,527.586003
4472,64166.6745,1721319093.42,0.18141636,0.24614063,10.394392,14.102819,0.7374964,838.47491,6.2907845,1.4950777,0.70620897,-0.02921336,11.86949,0.18601,0.073171,0.001932,0.027519,32.071592,0.740154,922.163168,270.254592
4482,62017.1071,1535596474.73,0.17086896,-1.0272499,9.79007,-58.857084,2.1840623,502.96612,9.4813294,1.6270626,0.93499019,-0.039359909,11.766014,0.20421,0.180243,0.01693,0.058604,50.339656,0.575541,633.683619,169.587779
4525,61648.1557,1503719069.96,2.0332796,1.0074797,116.49834,57.724335,2.1364863,929.977,14.342602,1.5386001,0.95471007,-0.040389355,11.840118,0.1919,0.141683,0.022099,0.042545,73.209306,0.535998,1131.781378,269.342734
4530,63493.3547,1663144261.41,5.5224727,-0.93484554,316.414378,-53.562704,0.42372454,632.36888,6.5661558,1.6296831,0.91931976,-0.00099964984,11.763238,0.20459,0.232146,0.014919,0.085593,53.069497,0.911564,582.856123,108.343723
4565,62670.751,1592071306.47,0.32223409,-1.0791716,18.462653,-61.831978,1.0032498,269.03968,5.4874235,1.364364,0.91333204,0.0021283341,11.939884,0.16875,0.333364,0.048443,0.112363,39.349403,0.537565,324.555346,85.880617
4568,61693.41,1507629044.83,1.2090913,0.18743139,69.275829,10.739028,0.48796403,801.33302,6.5964644,1.5517178,0.77798134,0.035260301,11.830572,0.19369,0.095362,0.002306,0.035792,47.416453,0.883289,797.498492,162.92964
4570,63032.901,1623361060.22,3.8631449,-0.41038296,221.341898,-23.513212,1.2462781,876.54763,6.4490679,1.6016937,0.96268151,-0.013099418,11.788965,0.20063,0.339054,0.028814,0.122282,15.080712,0.318852,1564.823458,446.818604
4602,62933.0267,1614731923.46,2.1027891,0.71132463,120.480941,40.755899,1.7931388,613.8688,6.9193795,1.3465486,0.66402417,-0.027962869,11.949093,0.16641,0.071699,0.013883,0.021057,36.534152,0.220515,1003.673989,303.814791
4612,62083.1104,1541299154.8,5.7892067,0.66401759,331.697111,38.045405,2.3687689,1002.0422,8.2243333,1.6856891,0.93987371,-0.0023024032,11.704179,0.21269,0.2035,0.011561,0.070635,23.024919,0.715942,1149.072316,411.311897
4639,62994.1102,1620009541.36,2.3703915,0.91400966,135.813429,52.368896,1.8790635,332.3255,6.4129151,1.4130612,0.94513551,0.031400872,11.917258,0.1751,0.353674,0.052902,0.112921,19.073173,0.303408,930.505713,327.803483
4676,61651.5807,1504014988.78,3.8944674,-0.69081178,223.136545,-39.580599,0.86486542,848.68947,9.8854216,1.4775894,0.95309979,-0.019032425,11.881789,0.18364,0.267979,0.052443,0.076863,23.785701,0.648743,1660.310417,620.951606
4681,62926.0274,1614127185.77,5.9331115,0.6420981,339.942248,36.789511,2.4621056,688.34155,16.075471,1.3106825,0.90002505,0.0015803262,11.961734,0.16181,0.066252,0.006553,0.021239,74.460932,0.777895,696.980554,161.975469
4718,64491.6538,1749397302.83,0.13731683,0.60748595,7.867675,34.806381,2.602641,433.45766,7.7160666,1.3364259,0.79602705,-0.048318928,11.951909,0.16512,0.141605,0.034148,0.038588,45.042916,0.858247,396.314765,78.281919
4731,62560.8877,1582579111.73,1.3101036,-1.3774583,75.063407,-78.922547,1.9134802,744.58552,15.19041,1.4063383,0.91482494,-0.0063061616,11.919862,0.17423,0.078627,0.007822,0.02519,56.71756,0.336016,2169.608144,668.232353
4744,63788.0445,1688605463.62,3.9873921,-0.94550947,228.460739,-54.173702,2.0277343,625.59889,6.2935457,1.3427663,0.72778328,-0.023439658,11.950126,0.16593,0.131345,0.026739,0.038892,52.626344,0.441202,941.342906,234.937793
4787,61144.4684,1460200491.44,3.0460386,-0.076324798,174.525156,-4.373089,2.5421663,366.97624,7.7942885,1.4508411,0.90100242,0.0047991761,11.896998,0.18009,0.226652,0.038933,0.067913,69.267857,0.825659,464.342627,169.538991
4797,62074.3009,1540538013.44,1.3632689,-0.11021491,78.109554,-6.314849,1.521762,370.90067,8.3083214,1.2495837,0.9219862,-0.030365018,11.983122,0.15399,0.30749,0.083924,0.079739,19.397689,0.049015,1511.191436,580.815589
4814,61488.6515,1489937909.03,0.68486276,-0.12172693,39.239746,-6.974439,2.0402417,689.12605,6.3700544,1.5694379,0.84379389,-0.016692072,11.816523,0.19614,0.156876,0.010233,0.057578,18.02274,0.452392,1206.063647,335.245652
4822,64052.0275,1711413593.45,3.0651815,0.40629499,175.621963,23.278988,0.96095818,793.0092,9.9743305,1.4423997,0.88496878,0.043476951,11.902295,0.17896,0.14349,0.028727,0.040898,52.062763,0.572735,931.155077,222.465373
4828,63423.9767,1657150002.87,0.046337821,-0.071788891,2.654962,-4.1132,2.5327241,301.80903,6.8057789,1.3509703,0.61944634,0.027554614,11.94699,0.16699,0.05221,0.007692,0.016273,74.986274,0.820296,327.663993,74.371544
4894,61448.5956,1486477073.65,5.527906,-0.70496125,316.725683,-40.391304,0.90542074,1174.3643,7.7109677,1.6520916,0.9639607,0.023551328,11.742302,0.20777,0.293379,0.025296,0.09979,66.818776,0.617355,1631.360374,528.253737
4909,61528.3877,1493371114.63,6.2457816,-0.31504188,357.856925,-18.05057,0.83252372,1435.124,6.8189164,1.7531844,0.98141276,-0.012970516,11.619507,0.22281,0.339893,0.014219,0.130622,39.918385,0.673011,1420.951086,453.273162
4912,64051.2973,1711350505.26,5.4905373,-0.72031343,314.584615,-41.270919,2.5380942,871.94953,9.0696585,1.4631666,0.800148,-0.011755225,11.889048,0.18174,0.069216,0.004504,0.023137,33.400815,0.823355,878.277579,302.801948
4916,61924.9643,1527635330.49,2.8661697,-0.043684578,164.219427,-2.502942,0.4827193,712.44908,5.7911255,1.5512851,0.74469527,0.011801686,11.830902,0.19363,0.096513,0.00105,0.039146,41.172879,0.885736,682.523139,145.355159
4949,63334.1038,1649384988.96,0.2441751,-0.2949634,13.990203,-16.900158,2.4757769,943.6235,8.2602492,1.3700374,0.88690146,-0.0017811371,11.93768,0.16948,0.217636,0.048905,0.060413,67.715184,0.786413,880.815738,265.431486
4959,63521.6286,1665587127.02,4.6841491,0.10420262,268.381974,5.97037,1.8993743,657.56446,9.5860103,1.4268097,0.89931678,0.030931764,11.91029,0.17691,0.181113,0.039003,0.050673,57.265885,0.322697,1204.182976,395.212566
4991,62980.9596,1618873325.25,3.3462918,-0.090244375,191.728397,-5.170622,2.6389468,864.40183,6.3964547,1.491845,0.89953621,0.016836494,11.87183,0.18557,0.251997,0.03086,0.084758,20.663655,0.876311,851.355387,194.856605
5002,63670.9355,1678487241.21,3.9280816,0.91718543,225.062497,52.550854,2.6456335,1748.01,7.5507561,1.6459917,0.9026031,0.0074001454,11.746888,0.20692,0.169107,0.008422,0.060122,48.098458,0.879513,1547.558426,457.493601
5034,61606.5107,1500120938.78,1.9546238,1.3534571,111.991694,77.54738,2.2292735,391.92558,5.6896182,1.5288293,0.82159912,0.028992546,11.847241,0.19056,0.169892,0.013126,0.064396,71.78762,0.611913,544.748655,94.693568
5071,61635.8267,1502653841.05,2.1013337,-0.38771718,120.397552,-22.214558,2.6673014,2418.988,7.5600913,1.8235389,0.97008564,-0.026504122,11.50961,0.23397,0.246351,0.000619,0.095544,66.860978,0.889617,2119.020354,590.852005
5075,62742.3103,1598254029.55,4.7181785,0.47681665,270.331715,27.319582,2.0069997,575.90182,21.716626,1.3770766,0.97844033,0.043941851,11.934666,0.17039,0.146397,0.040082,0.037822,50.805597,0.422501,988.635374,239.931803
5083,61057.3175,1452670652.71,0.50011145,-0.15161801,28.654275,-8.687072,2.2762454,1007.8648,6.4699192,1.5483235,0.80446543,-0.028296127,11.83263,0.19323,0.122309,0.007082,0.044646,49.536093,0.648376,1683.608072,498.377275
5100,63759.109,1686105434.87,5.2487559,-0.73741386,300.731561,-42.250702,1.2582621,604.5899,8.1971187,1.4717664,0.88854376,-0.015414856,11.884726,0.18287,0.189326,0.031487,0.056864,65.209013,0.307471,1088.898651,365.033084
5119,63066.3155,1626248080.34,3.6566948,0.83071768,209.513179,47.596617,1.7715807,471.77609,6.3507683,1.4758643,0.67934418,0.020710329,11.882686,0.18341,0.061879,0.000918,0.023332,54.520239,0.199438,866.538689,253.143799
5195,62922.8516,1613852797.48,1.9034102,-0.40004016,109.057371,-22.920613,0.48188278,353.31061,6.374644,1.3347913,0.84039438,-0.014216075,11.952555,0.16491,0.226833,0.044757,0.067355,49.437955,0.886124,344.734021,57.205946
5229,62773.7637,1600971598.18,0.46085494,0.61738888,26.405043,35.373777,1.1778237,184.46107,5.2466742,1.4172041,0.65885065,-0.0099392857,11.915292,0.17564,0.102316,0.011408,0.037453,37.870921,0.382936,260.819562,77.762656
5237,63403.2619,1655360248.5,2.3566233,1.0709864,135.024569,61.363001,0.82945419,769.85472,6.4957889,1.5981603,0.89240169,0.047450964,11.792311,0.20013,0.203118,0.014212,0.074122,65.235269,0.675278,950.162612,282.912087
5315,63739.1398,1684380092.81,0.47735131,-0.024677187,27.350215,-1.413899,1.2957218,492.74696,5.5612484,1.4946295,0.98206992,0.01219264,11.8698,0.18595,0.448656,0.044206,0.166158,61.07666,0.271619,1131.344344,339.220055
5319,61577.0232,1497573218.42,1.3754545,-1.3070781,78.807738,-74.890059,0.79476913,1313.7541,11.712322,1.6107511,0.95503406,0.014243612,11.781303,0.2019,0.178304,0.022389,0.055524,69.187209,0.70045,1310.072041,442.338231
5353,62419.3306,1570348584.25,6.1121411,0.17602405,350.199889,10.085435,0.20726827,1374.9861,8.2408744,1.6995025,0.96331537,-0.040681362,11.688141,0.21472,0.25898,0.017906,0.088845,55.810869,0.978597,1173.963008,311.4394
5373,63740.0542,1684459101.92,1.6978035,0.71441544,97.276975,40.93299,2.5080897,824.95262,6.6467929,1.5384337,0.86545046,0.035129379,11.840291,0.19187,0.183397,0.017983,0.063208,25.524058,0.805959,1092.50324,373.511965
5386,62601.7871,1586112820.28,5.9872338,0.44271782,343.043228,25.365863,2.4414969,882.52936,6.2466569,1.5823776,0.87378336,0.04463426,11.806055,0.19793,0.191339,0.013204,0.070904,35.254758,0.76478,949.850994,318.475313
5392,61512.297,1491980879.92,4.4176415,0.49971208,253.112213,28.631393,0.18208581,738.33037,5.7924131,1.3870645,0.69312904,0.01230314,11.929255,0.17171,0.11245,0.017429,0.036827,34.545296,0.983468,635.324049,158.856676
5397,64418.5852,1743084176.08,1.1456854,0.69579092,65.642938,39.865883,0.61924811,507.48979,6.9180337,1.4364652,0.68806557,0.011697949,11.904331,0.17819,0.060703,0.003865,0.020981,19.258951,0.814315,545.565591,85.348072
5421,64451.1734,1745899802.2,1.7321932,-0.34683905,99.24736,-19.872414,0.49347469,525.10748,6.6612194,1.3833098,0.73222835,-0.0049297678,11.931138,0.17121,0.110576,0.019811,0.033507,61.520068,0.880692,550.920151,119.925892
5424,63883.9444,1696891211.91,2.7605952,0.82911873,158.170454,47.505004,2.0455392,445.02856,7.2284169,1.3829236,0.70467737,0.031811793,11.931354,0.17116,0.075597,0.012305,0.022988,60.457753,0.45711,840.222849,301.424477
5427,62867.786,1609095129.61,3.3088188,0.6851194,189.581352,39.25445,1.0002337,990.09076,7.1258381,1.5330721,0.81979747,-0.049625688,11.844779,0.19113,0.120889,0.009656,0.041454,72.03317,0.540106,1546.875392,583.622808
5440,62304.4424,1560422245.14,1.4666255,0.4863149,84.031451,27.863791,2.1632983,292.92411,7.2174495,1.3596,0.80537852,-0.044378624,11.942097,0.16812,0.158556,0.03384,0.045193,69.813313,0.558438,412.664619,75.927887
