simulation_id,mjd_time,gps_time,longitude,latitude,ra,dec,inclination,distance,mass1,mass2,spin1z,spin2z,redshift,mass1_detector,mass2_detector,mass1_source,mass2_source,radius2,compactness2,mej_tot,mej_dyn,mej_wind,phi,costheta,distmean,diststd
36,61767.813,1514057462.73,4.4136631,0.11584202,252.884268,6.637259,1.039474,809.06428,10.272794,1.6175503,0.89889609,0.040813455,0.1633465,10.272794,1.6175503,8.8303816,1.3904286,11.774526,0.20287,0.09763,0.000122,0.031317,40.119659,0.506674,1300.789683,385.548084
39,61010.2696,1448605713.86,0.066162298,-1.2565751,3.79082,-71.99645,0.50810262,1207.4382,9.4806678,1.5332345,0.9118049,-0.038061426,0.2340291,9.4806678,1.5332345,7.6826938,1.2424622,11.844674,0.19116,0.169035,0.024434,0.046494,30.62889,0.873669,1002.839479,244.505327
113,62770.4374,1600684213.21,2.259286,-1.1365445,129.447553,-65.119203,2.7925235,59.895465,6.4329455,1.2121819,0.4056202,-0.042730685,0.0133812,6.4329455,1.2121819,6.3480018,1.1961757,11.992653,0.14926,0.022268,0.005447,0.005481,65.436862,0.939691,57.961692,5.681332
115,62561.8635,1582663421.11,2.6486352,-0.50389484,151.755618,-28.871048,2.064026,607.11988,10.724337,1.4074059,0.83840376,0.026236278,0.1254953,10.724337,1.4074059,9.5285485,1.2504769,11.919371,0.17437,0.078192,0.011722,0.021276,44.659262,0.473473,1027.93153,297.944132
158,61404.7185,1482686099.8,4.3717974,-0.41336165,250.48554,-23.683878,2.0776688,199.77162,6.0095681,1.3869458,0.84965807,-0.0079708705,0.043649,6.0095681,1.3869458,5.7582272,1.3289389,11.929307,0.17169,0.232704,0.037414,0.067026,21.448631,0.485445,260.548177,63.372606
197,63745.5805,1684936572.54,4.3969779,-0.29969775,251.928276,-17.171416,2.0407824,344.06273,6.1215779,1.5588056,0.75709885,0.027859168,0.0736088,6.1215779,1.5588056,5.7018702,1.4519308,11.823729,0.19469,0.092313,0.000374,0.032993,20.821386,0.452874,677.285552,195.652965
198,63110.7174,1630084403.16,3.0377629,1.142181,174.050993,65.442151,0.65178005,914.18408,7.9344315,1.4383136,0.73431655,-0.039624176,0.1824715,7.9344315,1.4383136,6.7100406,1.2163622,11.903379,0.17844,0.059084,0.003365,0.018069,66.45961,0.795005,949.172102,192.623117
206,62806.0947,1603765003.12,0.7222994,0.22765353,41.384707,13.043586,2.6719136,1545.0404,8.4767658,1.674223,0.9377557,-0.017040581,0.290619,8.4767658,1.674223,6.5679845,1.2972248,11.717172,0.211,0.196203,0.012347,0.060372,61.643496,0.891714,1472.679638,558.702085
209,64410.7263,1742405166.9,3.4564419,1.2633689,198.039533,72.385706,1.4269774,494.3039,6.1046249,1.4693823,0.7419051,0.028433823,0.103635,6.1046249,1.4693823,5.5313804,1.3314024,11.885968,0.18256,0.109549,0.010728,0.034517,41.906063,0.143324,1717.092225,570.217847
257,62875.8915,1609795441.54,5.2918127,-0.57083059,303.198534,-32.706184,1.7186163,398.52049,6.2751422,1.5464816,0.80464071,0.01239127,0.0846211,6.2751422,1.5464816,5.7855617,1.4258266,11.83354,0.19299,0.129227,0.007844,0.042861,74.60417,0.147282,735.60328,215.350902
267,62068.3643,1540025094.37,2.5058214,-0.91553238,143.57299,-52.456141,2.5170776,929.66134,8.2124501,1.5540602,0.84157779,-0.047970388,0.1852566,8.2124501,1.5540602,6.928837,1.3111592,11.828291,0.19402,0.10356,0.005924,0.031834,25.026065,0.811247,792.085224,227.76914
275,62579.2458,1584165253.13,3.8405528,0.21102291,220.047466,12.090722,0.78518936,997.81172,9.652518,1.5535796,0.96830905,0.032898807,0.1974312,9.652518,1.5535796,8.0610207,1.297427,11.828814,0.19395,0.294628,0.046434,0.079785,31.925733,0.707254,1118.103927,370.258234
289,63469.7533,1661105102.96,4.0843913,1.2658593,234.018383,72.528395,2.3158491,660.52234,7.3910679,1.4445252,0.70920434,0.047573671,0.1356569,7.3910679,1.4445252,6.5081875,1.2719733,11.901371,0.17924,0.057248,0.002386,0.01798,62.60631,0.678011,803.016684,182.671267
290,64270.3836,1730279563.93,2.5151402,0.84237622,144.106918,48.264602,0.33771869,1210.5343,7.3107243,1.6842473,0.97243911,-0.01945751,0.2345606,7.3107243,1.6842473,5.9217215,1.3642483,11.706088,0.21247,0.319268,0.022566,0.101762,64.13939,0.943513,1118.218472,340.867353
362,64028.9905,1709423194.85,2.9307564,1.0929902,167.919973,62.623726,1.5739145,966.75926,10.909656,1.3528225,0.9817987,0.0039392263,0.1919017,10.909656,1.3528225,9.1531505,1.1350118,11.945917,0.16723,0.388956,0.101244,0.092066,22.045851,0.003118,1522.519276,475.800232
388,63333.3153,1649316860.06,1.2212013,1.3617844,69.96968,78.024499,2.3317278,295.00048,10.486418,1.5368828,0.95030218,-0.021501819,0.0635537,10.486418,1.5368828,9.8597919,1.4450449,11.841814,0.19166,0.223942,0.038302,0.059503,67.299113,0.689596,327.178633,81.45328
408,61177.8071,1463080952.3,2.6158273,-0.3192832,149.875864,-18.29358,1.4291389,298.31961,8.4009629,1.5050433,0.91332388,0.035219985,0.0642381,8.4009629,1.5050433,7.8938756,1.414198,11.864145,0.18733,0.211849,0.032731,0.058013,24.051139,0.141184,994.203341,325.589802
419,64238.0579,1727486623.14,4.2365082,-0.17916126,242.73404,-10.265184,1.6323387,430.85745,8.9550539,1.4726645,0.9396612,-0.015870525,0.0910895,8.9550539,1.4726645,8.2074422,1.3497193,11.884265,0.18299,0.259931,0.047472,0.068369,15.034612,0.061504,862.758624,403.510846
437,63286.1757,1645243997.63,4.5446854,0.85550697,260.391293,49.016939,2.0446233,926.83931,6.4108165,1.6594005,0.87945989,0.041707977,0.1847494,6.4108165,1.6594005,5.4111161,1.4006342,11.733254,0.20885,0.166107,0.003411,0.058885,48.085311,0.456295,1397.708733,463.893091
440,61231.4915,1467719286.62,2.3278171,0.12861392,133.374095,7.369035,0.6317352,934.02235,7.3037806,1.6578503,0.95628796,0.030417472,0.18604,7.3037806,1.6578503,6.1581231,1.397803,11.734879,0.20863,0.279901,0.021034,0.088291,35.658614,0.807004,1169.488479,371.602426
471,61902.1181,1525661422.84,4.7030203,0.86515635,269.463214,49.569807,2.71079,914.97179,7.5835715,1.523966,0.78498823,0.018881148,0.1826134,7.5835715,1.523966,6.4125533,1.2886426,11.85088,0.1899,0.079991,0.00238,0.025572,49.080625,0.908631,1042.01463,373.037774
479,62362.88,1565471250.04,3.3250693,0.51664022,190.512437,29.601304,2.1316934,386.2764,5.5571307,1.4453998,0.77144388,-0.042390211,0.0821583,5.5571307,1.4453998,5.1352289,1.3356639,11.900845,0.17935,0.157242,0.018512,0.050339,66.241716,0.531946,633.307405,165.430987
483,61759.6682,1513353751.91,6.0012867,0.75528962,343.8484,43.274908,2.922487,1623.9739,7.3275642,1.6793965,0.97580546,-0.0082193703,0.3034843,7.3275642,1.6793965,5.6215208,1.2883903,11.711814,0.21175,0.333141,0.02471,0.105575,36.873152,0.976092,1546.143836,566.733113
488,61468.8638,1488228246.45,3.2122872,1.321465,184.050499,75.714367,2.8993354,1385.2645,7.0768044,1.7085825,0.97544847,-0.042807237,0.2641687,7.0768044,1.7085825,5.5979907,1.3515463,11.677302,0.21607,0.326784,0.019344,0.107532,71.881303,0.970799,1335.793798,456.008601
509,64268.2222,1730092816.98,4.2821704,-0.62225658,245.350291,-35.652676,1.4044032,1024.4758,10.285588,1.7663338,0.96332932,0.021784482,0.202156,10.285588,1.7663338,8.5559508,1.4693049,11.600851,0.22485,0.176679,0.003338,0.055935,44.811713,0.165626,1690.303958,535.61294
519,63097.0952,1628907444.71,2.9950164,0.228975,171.601799,13.119301,0.91135343,787.06413,9.4675529,1.402984,0.93448799,0.047535098,0.1592963,9.4675529,1.402984,8.1666378,1.2102031,11.921974,0.17378,0.257791,0.058371,0.063934,56.721098,0.612677,1158.276483,644.713655
523,63637.9241,1675635062.01,2.9154949,0.070592939,167.045553,4.044677,2.557693,403.22773,7.6522606,1.3726842,0.65036545,-0.038306229,0.0855659,7.6522606,1.3726842,7.0490982,1.2644872,11.936662,0.16982,0.038692,0.001056,0.012191,17.600428,0.834319,410.806083,60.818817
526,61051.6402,1452180129.04,2.1270545,-1.3705717,121.871246,-78.527974,2.8272376,2570.5569,8.4123845,1.7719848,0.96371957,-0.025448215,0.4493452,8.4123845,1.7719848,5.8042655,1.2226106,11.59192,0.22574,0.225332,0.006208,0.073001,27.356464,0.950996,2140.574533,620.932796
540,63779.9002,1687901791.35,3.6814968,0.86128697,210.934229,49.348108,0.22012426,1696.0563,6.7701608,1.7280732,0.95078723,0.0084696736,0.3151232,6.7701608,1.7280732,5.1479288,1.314001,11.653557,0.21898,0.25346,0.008214,0.088116,21.77146,0.97587,1649.551402,559.24174
545,61623.231,1501565577.75,6.1011363,-1.0592599,349.56936,-60.691122,0.71025246,803.50989,5.8836781,1.625495,0.89048569,-0.023196708,0.1623256,5.8836781,1.625495,5.061988,1.3984851,11.767421,0.20399,0.209669,0.009663,0.075048,62.738926,0.758197,803.950469,299.708461
570,64280.1624,1731124446.29,3.8694162,-0.84721878,221.701217,-48.54206,0.74513939,682.84583,6.5817893,1.4444299,0.72203649,0.034987682,0.1398711,6.5817893,1.4444299,5.7741523,1.2671871,11.901424,0.17922,0.088588,0.009683,0.026603,58.639911,0.734993,735.092351,234.561255
571,63790.9189,1688853809.52,1.3110338,-0.68109908,75.116704,-39.024103,0.70043087,1119.3191,8.330137,1.6153472,0.90292009,0.0057406494,0.2187942,8.330137,1.6153472,6.8347364,1.325365,11.776694,0.20256,0.157798,0.011399,0.047916,72.085897,0.764565,1590.682312,483.171914
573,61569.7007,1496940555.34,1.1488825,0.64815062,65.826118,37.136295,2.4018749,675.25865,6.8376597,1.3894597,0.89277881,-0.017384797,0.138441,6.8376597,1.3894597,6.006161,1.2204934,11.928335,0.17202,0.260731,0.046448,0.070772,44.609653,0.738659,742.674666,214.352524
574,62522.6749,1579277528.49,0.33067654,0.027722878,18.94637,1.588404,0.56521328,1169.3192,9.8953255,1.4824202,0.89731935,-0.0059666386,0.2274643,9.8953255,1.4824202,8.0615996,1.2077094,11.878631,0.18429,0.150965,0.026373,0.039954,50.05627,0.844474,1206.754522,298.848683
593,63926.3336,1700553640.1,5.3519914,-0.29885894,306.646519,-17.123356,0.53519597,754.20746,13.604412,1.5149218,0.93185196,-0.046555815,0.1532153,13.604412,1.5149218,11.7969404,1.3136505,11.856148,0.18869,0.109942,0.013212,0.030946,32.121912,0.860169,915.7086,193.160939
616,61451.8364,1486757081.97,4.7611751,0.065408248,272.795239,3.747617,2.856042,460.43726,6.2260097,1.3598497,0.83498573,-0.034357801,0.096962,6.2260097,1.3598497,5.6756841,1.2396507,11.94197,0.16816,0.218489,0.039685,0.060193,70.080759,0.959507,467.815854,98.628291
660,61124.7308,1458495159.67,5.7846786,-0.29483603,331.43767,-16.89286,2.6551009,1249.0358,13.870819,1.793332,0.98389686,0.040138714,0.2411498,13.870819,1.793332,11.1757811,1.4448956,11.559192,0.2291,0.164592,0.001507,0.052197,73.954701,0.883978,962.748365,241.944782
678,61204.3327,1465372759.43,4.5335997,-1.1711717,259.756129,-67.103195,0.91297165,1190.7362,7.0301537,1.7008473,0.98003192,-0.030954198,0.2311574,7.0301537,1.7008473,5.7101989,1.3815027,11.686794,0.21492,0.349168,0.022183,0.114475,67.244929,0.611397,1748.929715,600.152432
752,63246.0681,1641778700.94,2.4304698,1.1691563,139.255662,66.987722,0.75112603,1033.4577,6.7653467,1.5593982,0.86404864,-0.0019424812,0.2037429,6.7653467,1.5593982,5.6202591,1.2954579,11.823356,0.19477,0.170812,0.014538,0.053609,37.182672,0.730921,1184.35091,401.870716
759,64059.712,1712077530.77,0.92949887,0.45731894,53.256362,26.202445,1.119159,501.11133,5.5418847,1.5019086,0.9005311,-0.043725264,0.1049699,5.5418847,1.5019086,5.0154167,1.3592303,11.865715,0.18692,0.275208,0.027003,0.09212,70.473356,0.436439,901.846824,219.597025
778,63887.6571,1697211993.17,1.1466319,-1.3424697,65.697169,-76.917848,0.82240748,1518.252,9.8217552,1.7790187,0.9895201,-0.048574763,0.2862233,9.8217552,1.7790187,7.6361199,1.3831337,11.581846,0.22683,0.303227,0.020518,0.09167,37.775067,0.680459,1449.892895,457.410549
786,61803.7942,1517166239.66,2.9581162,-0.75514656,169.487574,-43.266711,0.33621066,671.97075,11.754215,1.4124887,0.85258276,0.026030707,0.1378205,11.754215,1.4124887,10.3304649,1.2413985,11.917479,0.17503,0.06731,0.00606,0.019598,60.895184,0.944012,428.967467,157.795213
802,63706.176,1681532025.79,1.5005621,-0.14467608,85.975875,-8.289329,2.1478294,567.27237,6.4807496,1.3625047,0.72600211,-0.047202864,0.1178368,6.4807496,1.3625047,5.7975812,1.2188762,11.940691,0.1685,0.118198,0.022825,0.031757,43.835717,0.54554,1591.666095,660.049536
818,64214.6468,1725463898.33,1.1147251,0.961756,63.869044,55.10456,0.94262435,368.20331,18.455994,1.5157229,0.96468857,-0.020556256,0.0785092,18.455994,1.5157229,17.1125043,1.405387,11.855749,0.1888,0.096706,0.003421,0.029842,27.81832,0.587667,507.618869,109.771904
844,63889.4963,1697370894.54,4.1440716,-0.33546595,237.437813,-19.220783,1.8442885,268.20997,5.3384538,1.2196243,0.39267168,-0.031967406,0.0580071,5.3384538,1.2196243,5.0457637,1.1527562,11.99313,0.15017,0.046282,0.014643,0.010817,18.083391,0.270095,396.333451,116.298285
877,62877.6973,1609951463.6,1.2351592,-1.1325008,70.769409,-64.887516,2.8738631,756.18313,5.9131989,1.6389334,0.96765059,0.016820015,0.153582,5.9131989,1.6389334,5.1259457,1.4207342,11.753895,0.20591,0.353724,0.022312,0.124587,73.803245,0.964374,637.917878,139.873817
882,64264.2202,1729747041.54,2.0187502,-1.0783176,115.665866,-61.783047,0.47758858,2082.6866,9.8382272,1.7394906,0.95704566,0.0078736266,0.3759318,9.8382272,1.7394906,7.1502286,1.2642273,11.638355,0.22071,0.180874,0.006131,0.056524,44.571777,0.888106,1617.037904,516.054683
895,62069.3406,1540109443.53,5.0842556,-0.19613629,291.306388,-11.237782,1.3735564,429.05672,9.0902282,1.3806301,0.97297471,0.044578745,0.0907306,9.0902282,1.3806301,8.3340725,1.2657847,11.932673,0.17086,0.379359,0.082184,0.095333,41.883479,0.195964,1064.676447,357.641104
930,63484.6964,1662396189.28,0.86949995,-1.3272356,49.818677,-76.044998,1.4481848,785.7939,7.4295472,1.383203,0.93562914,0.03967572,0.1590619,7.4295472,1.383203,6.4099658,1.1933815,11.931198,0.1712,0.318098,0.059933,0.083986,26.615453,0.122305,1341.236449,496.324921
967,64137.0323,1718758011.98,4.73337,1.1514662,271.202124,65.974154,2.1706829,1009.3129,8.9912583,1.6562287,0.95341661,-0.01389533,0.1994718,8.9912583,1.6562287,7.4960146,1.3807983,11.736771,0.20839,0.227155,0.020675,0.067082,69.40423,0.564549,1209.579333,465.690753
996,62031.6003,1536848686.21,4.7064599,0.18233549,269.660289,10.447054,0.96234999,320.17353,7.5358533,1.4325769,0.92296417,-0.00054228277,0.0687291,7.5358533,1.4325769,7.0512289,1.3404491,11.907589,0.17766,0.276763,0.04792,0.074664,36.085452,0.571593,387.070249,93.491762
997,62680.6773,1592928934.62,5.7248674,0.068417465,328.01074,3.920032,2.4977144,1230.2847,9.5099876,1.5721571,0.97149392,-0.04620478,0.2379455,9.5099876,1.5721571,7.6820728,1.2699728,11.813993,0.19652,0.303049,0.044796,0.08313,57.818531,0.799774,1185.302993,296.353063
1017,64289.9926,1731973780.43,4.9870554,0.37350348,285.737227,21.400173,2.225737,521.13555,8.4041551,1.2905146,0.64018614,0.0011990693,0.1088846,8.4041551,1.2905146,7.5789267,1.1637952,11.969,0.15922,0.034913,0.003938,0.00994,24.70633,0.609112,656.475745,119.038167
1018,64378.2419,1739598518.01,3.451641,-0.45997711,197.764462,-26.354747,0.82583592,315.30876,10.735419,1.4031908,0.83242058,0.025210865,0.0677316,10.735419,1.4031908,10.0544172,1.3141793,11.921818,0.17381,0.073253,0.010134,0.020203,26.947018,0.677943,373.075898,51.001052
1059,64378.8978,1739655190.87,2.6482596,-0.90268823,151.734098,-51.720226,0.84760202,1763.6841,9.7823681,1.7469065,0.95626666,0.030149653,0.3259516,9.7823681,1.7469065,7.3776209,1.3174738,11.628344,0.22185,0.176979,0.004575,0.05582,28.915546,0.661783,2254.908173,791.406905
1061,61112.4893,1457437495.56,3.9185816,0.3820147,224.518187,21.88783,0.94635531,828.67369,6.2682041,1.5139558,0.8288018,-0.049025414,0.1669425,6.2682041,1.5139558,5.3714766,1.2973697,11.856679,0.18856,0.162931,0.015872,0.051446,61.563411,0.584644,1090.278385,363.355811
1092,63128.8983,1631655233.74,2.8770666,-0.46885967,164.843774,-26.86368,2.7463849,1210.8435,6.2468192,1.7540647,0.95034913,-0.0078740773,0.2346137,6.2468192,1.7540647,5.0597358,1.4207397,11.618364,0.22295,0.2566,0.003562,0.095841,74.412005,0.922917,1363.205636,497.114238
1106,62308.7687,1560796035.82,5.2498957,0.39769328,300.796866,22.786146,0.43034162,996.42946,14.700885,1.5689146,0.96798633,-0.031121195,0.1971857,14.700885,1.5689146,12.2795359,1.3105023,11.816992,0.19606,0.166828,0.027181,0.044675,69.975291,0.908823,1059.209406,236.061662
1113,64002.5804,1707141361.17,2.752943,-0.46618628,157.732015,-26.710506,0.58960788,1446.0074,6.4380887,1.7041123,0.93951454,0.035529478,0.2742912,6.4380887,1.7041123,5.0522899,1.3373021,11.683334,0.21539,0.246795,0.00847,0.0873,44.651537,0.831159,1589.056041,449.925203
1118,62653.2947,1590563077.19,0.85899873,0.43575132,49.217002,24.966712,0.27318991,421.08467,7.5266779,1.4045619,0.85564563,-0.040014463,0.08914,7.5266779,1.4045619,6.9106613,1.2896063,11.920858,0.17399,0.187739,0.035966,0.04939,33.037137,0.962915,371.529693,64.564693
1172,61463.7629,1487787528.76,4.4514371,-1.1199123,255.048559,-64.166248,2.1707529,1133.4799,8.0872065,1.5691358,0.97946889,0.045433407,0.2212566,8.0872065,1.5691358,6.622037,1.2848535,11.816795,0.19609,0.369088,0.046909,0.105459,17.315275,0.564607,1332.711759,386.310783
1192,62691.4122,1593856428.78,0.25547897,-0.28593143,14.637867,-16.382664,0.50927458,1276.5772,7.1215742,1.517234,0.87794697,-0.024704419,0.2458402,7.1215742,1.517234,5.7162822,1.21784,11.855034,0.189,0.191629,0.023178,0.056293,55.796812,0.873098,1348.015505,518.514184
1207,62349.2341,1564292241.2,4.5086607,-0.98404967,258.327229,-56.381893,2.4029844,660.76294,5.7285264,1.660376,0.94816728,-0.02810371,0.1357024,5.7285264,1.660376,5.0440383,1.4619816,11.732153,0.20899,0.301528,0.014286,0.11083,30.349993,0.739406,767.196014,180.255671
1232,64051.8209,1711395739.63,1.0828796,0.06716762,62.044431,3.848421,2.5130578,553.61376,11.101614,1.4077486,0.90762157,0.045586971,0.1151962,11.101614,1.4077486,9.954853,1.2623327,11.919227,0.17441,0.160675,0.039186,0.03888,57.791995,0.80889,567.911816,118.889631
1245,61571.5046,1497096418.16,0.60511055,0.4304161,34.670281,24.661026,2.2544682,1615.1441,12.626359,1.6114186,0.97841644,0.02553207,0.3020515,12.626359,1.6114186,9.6972809,1.2375998,11.780669,0.20199,0.24352,0.039139,0.065409,28.369826,0.631644,2137.68473,741.361181
1272,62389.1318,1567739403.61,4.9702795,-0.63297601,284.776038,-36.266854,2.4097677,733.04409,14.11085,1.5140848,0.96890692,-0.027847006,0.1492777,14.11085,1.5140848,12.2780161,1.3174229,11.856604,0.18858,0.204956,0.044502,0.051331,15.471375,0.743956,920.05169,237.331685
1300,61032.506,1450526936.19,5.2313379,0.70556646,299.733583,40.42598,0.5119007,618.73852,6.0486138,1.3720464,0.54567986,-0.041002587,0.127716,6.0486138,1.3720464,5.3635968,1.2166595,11.936914,0.16974,0.03895,0.002033,0.012588,17.112085,0.871815,584.072379,129.49976
1359,63648.5696,1676554833.73,0.65428127,-0.17605447,37.487555,-10.087178,2.5004354,258.7905,7.2835286,1.2539229,0.81580868,0.0088921979,0.0560473,7.2835286,1.2539229,6.8969722,1.1873738,11.981525,0.15455,0.197547,0.054229,0.046256,17.390743,0.801404,286.95369,39.758831
1414,61350.4502,1477997319.47,3.932787,-0.94655208,225.332097,-54.233439,1.1560714,533.74047,7.080888,1.5824982,0.92752859,-0.034638888,0.1113396,7.080888,1.5824982,6.3714887,1.4239555,11.805942,0.19794,0.248919,0.024317,0.076183,33.74434,0.402938,984.139112,379.595644
1444,61643.1564,1503287133.94,2.7110075,-0.27963737,155.329288,-16.022041,1.2591624,274.98613,6.3004214,1.2931317,0.63162735,-0.036480064,0.0594138,6.3004214,1.2931317,5.9470824,1.2206105,11.968074,0.15956,0.088154,0.021723,0.02199,35.113493,0.306614,643.64914,151.931276
1463,62088.5617,1541770153.12,1.3943477,-0.2249481,79.890238,-12.888577,1.6834213,273.86427,5.6126041,1.395262,0.96125635,0.018898628,0.0591811,5.6126041,1.395262,5.2990032,1.3173026,11.926918,0.17275,0.410098,0.053878,0.126309,34.046577,0.112387,530.583796,183.489521
1480,61033.3123,1450596601.94,3.3700937,0.60776071,193.092146,34.822124,2.5163795,738.99468,9.0552723,1.4973648,0.86930246,0.032034011,0.1503865,9.0552723,1.4973648,7.8715043,1.3016189,11.868038,0.18632,0.129763,0.01829,0.035883,33.763699,0.810838,734.142417,142.097505
1491,63087.6855,1628094446.06,2.4634125,1.299332,141.143139,74.44624,1.186697,1249.9989,15.223059,1.6344854,0.97684346,-0.013290573,0.2413142,15.223059,1.6344854,12.2636631,1.3167379,11.758218,0.20528,0.16684,0.020185,0.046917,40.367275,0.374724,2461.916415,737.860129
1502,62269.3235,1557387971.84,1.9193434,0.027267804,109.970276,1.56233,0.78124386,280.24307,8.1499047,1.2562407,0.83531306,0.040170272,0.0605034,8.1499047,1.2562407,7.6849398,1.1845702,11.980659,0.15484,0.191095,0.056636,0.043153,33.417828,0.710038,347.509163,96.33453
1514,62030.2216,1536729566.88,5.9843335,-0.43067086,342.877053,-24.675623,2.4323933,762.68741,7.6669528,1.5371811,0.98191971,0.014439123,0.1547884,7.6669528,1.5371811,6.6392704,1.3311365,11.841535,0.1917,0.398642,0.051891,0.114196,65.438056,0.758884,731.322966,262.23618
1516,63128.3494,1631607808.04,4.4043137,-0.62489403,252.348587,-35.803791,2.926496,1206.9756,10.038141,1.4378862,0.96276504,-0.0301158,0.2339497,10.038141,1.4378862,8.1349679,1.1652713,11.90355,0.17838,0.306164,0.065983,0.076952,74.959049,0.976956,1157.707226,360.449048
1538,63898.571,1698154951.0,0.098933519,-0.43118327,5.668473,-24.704982,2.4996851,629.87851,6.7769372,1.6465784,0.9582535,0.00090932099,0.12984,6.7769372,1.6465784,5.998139,1.4573554,11.746173,0.20701,0.303223,0.022119,0.098603,54.344783,0.800955,865.678652,248.762857
1568,61212.4142,1466071007.06,4.8669081,-1.4341477,278.853293,-82.17061,2.120261,1206.075,7.4525445,1.7789828,0.95879539,0.028258472,0.233795,7.4525445,1.7789828,6.0403426,1.4418788,11.581904,0.22683,0.234115,0.003511,0.080253,69.264212,0.522231,1329.002763,478.481119
1577,63831.8274,1692388302.57,1.4060921,-0.022808985,80.563143,-1.306859,2.4518824,801.3259,7.689871,1.5394208,0.96584506,0.037347045,0.1619238,7.689871,1.5394208,6.6182229,1.3248896,11.83925,0.19201,0.338706,0.044291,0.09693,62.262831,0.77143,861.295993,325.650215
1602,62313.8586,1561235802.95,4.1059082,-0.81555271,235.251211,-46.727728,0.34536142,1036.6476,6.9159294,1.4759967,0.78348257,0.021323183,0.2043058,6.9159294,1.4759967,5.7426687,1.2255996,11.88262,0.18343,0.113256,0.012757,0.033601,20.029861,0.940953,1113.572233,304.475049
1618,64117.2321,1717047269.29,0.62446548,0.098550308,35.779236,5.646517,2.6628134,308.49926,9.7949069,1.3024583,0.88931856,-0.011784742,0.0663332,9.7949069,1.3024583,9.1855965,1.2214365,11.964731,0.16075,0.19958,0.05936,0.044887,23.701804,0.887558,293.194801,45.805471
1656,63271.8305,1644004570.14,1.8370838,-0.082110172,105.257148,-4.704566,1.7106331,514.96971,5.7131781,1.4301994,0.62370299,0.021247723,0.1076811,5.7131781,1.4301994,5.1577823,1.2911653,11.909245,0.17734,0.065761,0.004551,0.021778,31.570389,0.139381,922.608263,259.038968
1672,62919.6706,1613577954.08,2.5901149,-0.42470718,148.402652,-24.333929,0.66012358,720.58255,5.8327117,1.4102532,0.58984364,0.014554254,0.1469514,5.8327117,1.4102532,5.0854044,1.2295667,11.918288,0.17474,0.052499,0.003047,0.017308,43.016101,0.789916,833.771113,240.827459
1750,61826.4463,1519123380.94,4.3506375,-0.18126339,249.273167,-10.385627,0.662716,180.39864,6.8569379,1.2503966,0.52901947,-0.018138914,0.0395332,6.8569379,1.2503966,6.5961701,1.2028443,11.982848,0.1541,0.039169,0.010183,0.009406,61.953045,0.788324,273.345603,71.775552
1822,62863.1406,1608693766.65,2.6963028,1.1208624,154.486771,64.220685,1.867104,1360.1725,8.2666332,1.7766013,0.95439463,0.016905589,0.2599623,8.2666332,1.7766013,6.5610161,1.4100432,11.585053,0.22646,0.200391,0.001957,0.066477,56.736287,0.291991,1648.224308,556.626447
1826,62916.7866,1613328782.15,0.70848796,-1.0795235,40.59337,-61.85214,1.192299,869.49305,6.5888836,1.3925501,0.94792455,-0.00030780352,0.1743857,6.5888836,1.3925501,5.6104938,1.185769,11.927557,0.17241,0.360882,0.057996,0.100996,16.567776,0.369525,1719.977829,491.994221
1894,61786.66,1515685839.28,5.2973018,0.28639916,303.513036,16.409463,0.61776645,1695.1599,9.9043479,1.611913,0.94363804,0.03480814,0.3149791,9.9043479,1.611913,7.531943,1.2258088,11.780178,0.20206,0.194388,0.022246,0.055366,37.045985,0.815174,1661.73578,507.794717
1895,64499.6146,1750085122.02,3.3574104,-0.67682901,192.365446,-38.779446,1.880102,414.07921,8.2917832,1.5944249,0.84536923,0.017544315,0.0877397,8.2917832,1.5944249,7.6229477,1.4658147,11.795928,0.19961,0.092366,4e-06,0.030188,51.703625,0.304397,989.57182,456.0319
1913,63489.2028,1662785538.75,5.8925202,-0.5293513,337.616538,-30.329595,2.4845275,1615.5989,8.086013,1.7053765,0.91841304,0.0057062458,0.3021253,8.086013,1.7053765,6.2098577,1.3096869,11.681601,0.21559,0.157236,0.002166,0.051679,18.929,0.791788,2073.067199,593.831792
1943,61517.3362,1492416261.85,0.52446719,0.30259406,30.049756,17.337363,2.3883347,826.26256,6.438901,1.4850175,0.87921822,0.015042402,0.166501,6.438901,1.4850175,5.5198417,1.2730529,11.876731,0.18464,0.224769,0.028249,0.06743,26.50247,0.729464,805.761474,183.493863
1979,61061.4014,1453023503.13,0.86236591,0.87402196,49.409927,50.07777,0.35147838,529.46498,6.0273625,1.4056209,0.71233575,0.013790826,0.1105077,6.0273625,1.4056209,5.4275738,1.2657462,11.920233,0.17413,0.111277,0.016305,0.03273,48.309101,0.938865,460.5032,75.434071
1999,63944.4403,1702118058.12,4.6372531,0.13944752,265.695031,7.989754,2.372541,665.71434,6.6172638,1.5245045,0.79673993,-0.040795933,0.1366388,6.6172638,1.5245045,5.8217826,1.3412392,11.850445,0.18997,0.118574,0.00886,0.037629,47.746985,0.718571,1119.000095,356.754942
2004,63994.3653,1706431584.08,4.0360645,0.088786497,231.249462,5.087092,0.77112804,924.84968,6.0871003,1.6184659,0.91755224,-0.015424094,0.1843916,6.0871003,1.6184659,5.1394322,1.3664956,11.773586,0.203,0.247258,0.015389,0.085145,21.996395,0.717125,1982.252963,568.566456
2035,63783.9506,1688251746.91,5.8139355,0.59594597,333.113967,34.145189,2.843253,250.01404,6.4665043,1.3485811,0.56352812,0.049109941,0.0542166,6.4665043,1.3485811,6.1339428,1.2792258,11.94824,0.16668,0.039566,0.003762,0.011898,15.283248,0.955826,229.711433,30.419176
2037,62045.1055,1538015531.45,6.2365982,-0.067874895,357.330755,-3.888945,0.28054487,1186.6003,8.709974,1.5644095,0.94969608,-0.0082316461,0.2304452,8.709974,1.5644095,7.0787177,1.2714175,11.82048,0.19544,0.259069,0.035149,0.072542,37.21603,0.960905,1059.945292,255.734452
2039,63660.9056,1677620662.59,0.55802177,-1.0070897,31.972292,-57.701989,2.8112483,755.03077,7.0377705,1.5990991,0.95607327,-0.0021266538,0.1533681,7.0377705,1.5990991,6.101929,1.3864603,11.791429,0.20027,0.307386,0.029381,0.094853,60.670809,0.945931,714.834386,157.212994
2041,61271.0211,1471134644.23,5.9646083,-1.1685886,341.746882,-66.955195,0.75354771,670.77284,5.7352115,1.4406028,0.87901041,0.01945002,0.1375944,5.7352115,1.4406028,5.0415259,1.2663589,11.90275,0.17873,0.259396,0.033154,0.080631,30.825434,0.729266,810.846656,234.895517
2043,63058.4694,1625570171.79,6.0032704,-0.1651466,343.962057,-9.462203,0.94058575,1165.2609,13.099581,1.6478823,0.96846596,-0.025332088,0.2267631,13.099581,1.6478823,10.6781669,1.3432767,11.74475,0.2072,0.174264,0.019097,0.049656,47.091297,0.589315,1927.290297,658.906738
2075,63744.9754,1684884290.97,0.63454771,1.2758736,36.356906,73.102172,2.3673936,1286.5544,7.4208159,1.5218946,0.91094727,-0.046709725,0.2475347,7.4208159,1.5218946,5.9483846,1.2199217,11.852433,0.18962,0.230237,0.02986,0.066316,19.553756,0.714981,1904.660326,613.303204
2088,62334.2134,1562994453.54,3.1259232,0.46341266,179.102206,26.55159,2.1741571,1344.4928,18.755861,1.4776879,0.97276646,0.048747001,0.2573263,18.755861,1.4776879,14.9172578,1.175262,11.881735,0.18366,0.136297,0.025872,0.035324,56.888624,0.567413,2026.936198,582.708136
2100,64416.3669,1742892516.89,4.4552233,0.36538768,255.265492,20.935172,2.4500365,1401.599,8.0006827,1.433398,0.96281771,0.0083799967,0.266899,8.0006827,1.433398,6.3151699,1.1314224,11.906875,0.17777,0.35491,0.062634,0.094663,40.664063,0.770255,1621.162187,510.240852
2118,64296.5431,1732539744.13,2.6369737,0.33944892,151.087464,19.44899,1.6578515,711.57377,6.9314083,1.4839636,0.87114502,-0.017684336,0.145266,6.9314083,1.4839636,6.0522255,1.295737,11.877498,0.1845,0.199635,0.02707,0.057747,56.094705,0.086945,1534.234797,525.37905
2144,62279.0507,1558228394.91,0.079451461,0.54584768,4.552233,31.274768,0.41243959,564.86485,7.0179987,1.3452523,0.59799167,0.0088139159,0.1173719,7.0179987,1.3452523,6.2808081,1.2039432,11.949508,0.16625,0.03903,0.003546,0.011592,52.260587,0.916146,499.802702,132.736648
2156,62695.1922,1594183027.26,3.286479,-1.0178682,188.301376,-58.319552,0.24535869,941.64536,8.135568,1.3847328,0.80391528,-0.044572469,0.187408,8.135568,1.3847328,6.8515356,1.1661811,11.930374,0.1714,0.121567,0.025472,0.030989,38.952451,0.97005,776.406362,185.677612
2159,61960.8328,1530734372.73,5.9263177,-0.6170354,339.552992,-35.353524,1.2782213,686.3293,7.3155064,1.3986317,0.83938299,-0.045025222,0.1405269,7.3155064,1.3986317,6.4141461,1.2263031,11.925326,0.17319,0.177729,0.033886,0.046972,17.738993,0.288419,1207.061651,329.108187
2161,63921.4457,1700131330.22,3.7143841,-0.13865599,212.818532,-7.944403,0.27417178,1442.9664,7.7309425,1.6477251,0.9868794,0.015394403,0.2737865,7.7309425,1.6477251,6.0692611,1.2935646,11.744903,0.20717,0.386015,0.036633,0.116769,43.564497,0.96265,1433.498477,483.221841
2164,63814.45,1690886900.7,5.0161259,0.35873024,287.402844,20.553729,2.1189804,224.89082,5.4967045,1.3021477,0.70065847,0.011411434,0.0489513,5.4967045,1.3021477,5.2401906,1.2413806,11.964844,0.16071,0.151914,0.031021,0.041935,33.901118,0.521138,253.732329,62.444389
2199,61524.447,1493030640.05,1.2277688,-1.2797287,70.34597,-73.323053,2.4524169,868.12924,6.4842879,1.2917148,0.57384425,-0.0091244918,0.1741379,6.4842879,1.2917148,5.5225948,1.1001389,11.968576,0.15938,0.056471,0.013309,0.014197,66.96198,0.77177,791.264413,257.873831
2205,61036.733,1450892150.68,1.8133047,0.84310572,103.894706,48.306399,0.47635591,369.42457,7.8483516,1.3767357,0.82727409,-0.027453505,0.0787563,7.8483516,1.3767357,7.27537,1.2762249,11.934843,0.17035,0.155345,0.033491,0.039388,28.135403,0.888672,301.891868,65.41156
2211,63320.1866,1648182536.2,4.6884729,-0.5739094,268.62971,-32.882586,0.042578744,627.56166,7.5115241,1.6011231,0.85350098,-0.015453198,0.1293986,7.5115241,1.6011231,6.6509059,1.4176775,11.789522,0.20055,0.121479,0.004494,0.039099,15.884654,0.999094,529.838693,108.051498
2265,62087.7824,1541702819.85,2.1666593,-0.3826946,124.140434,-21.926785,0.3251121,804.67363,6.4017184,1.5712485,0.87657097,0.00046929189,0.1625396,6.4017184,1.5712485,5.506667,1.3515656,11.814848,0.19639,0.193851,0.015241,0.062947,68.674617,0.947615,1170.044352,460.774134
2267,62055.9584,1538953221.16,5.9234775,0.13904522,339.390261,7.966704,1.1942367,392.21814,9.4883593,1.4987882,0.92515748,-0.002960517,0.0833544,9.4883593,1.4987882,8.7583154,1.3834699,11.867241,0.18651,0.205688,0.035927,0.054529,42.152266,0.367723,839.879085,222.807986
2317,64159.7762,1720723077.54,5.6709031,0.44863257,324.918814,25.704753,0.94798154,1173.6258,7.7610708,1.4046604,0.86392757,-0.0069541847,0.2282079,7.7610708,1.4046604,6.3190205,1.1436667,11.920796,0.17401,0.190668,0.037449,0.049678,39.584185,0.583324,1413.112502,427.440097
2337,61129.9121,1458942824.94,2.4907433,-0.9171394,142.709079,-52.548217,1.701941,841.51666,8.4143539,1.5636145,0.94338782,0.039053522,0.1692904,8.4143539,1.5636145,7.19612,1.3372337,11.820983,0.19533,0.25183,0.032844,0.071223,27.552762,0.130769,1793.638137,622.140503
2353,63422.6472,1657035136.14,1.3007455,0.79654167,74.527227,45.638476,1.0470397,50.141736,7.8083283,1.3346475,0.82955076,0.0029948173,0.0112203,7.8083283,1.3346475,7.7216883,1.3198385,11.952614,0.16489,0.171772,0.04152,0.042017,17.281497,0.500137,74.783993,11.306507
2361,63820.3989,1691400882.88,0.049508846,1.1615808,2.836648,66.553677,1.0630603,675.57901,5.7798461,1.4449781,0.91242893,0.048792993,0.1385014,5.7798461,1.4449781,5.0767141,1.2691931,11.901107,0.1793,0.303038,0.038014,0.094232,30.911436,0.4862,1287.502753,445.799762
2368,62951.5075,1616328665.38,5.6876454,-0.65075745,325.878077,-37.285655,1.5670819,325.60229,5.4025301,1.4192113,0.56142271,0.0096528221,0.0698407,5.4025301,1.4192113,5.0498456,1.3265633,11.91401,0.17591,0.051656,0.00184,0.018173,55.536912,0.003714,648.387472,205.14602
2385,62576.1769,1583900097.92,1.7648293,-0.01808053,101.11727,-1.035938,0.77786955,167.2677,7.6194236,1.4390592,0.87069442,0.033845534,0.0367302,7.6194236,1.4390592,7.3494761,1.388075,11.903134,0.17853,0.192611,0.033496,0.051865,62.636194,0.71241,199.962845,28.302571
2405,61657.8418,1504555946.14,1.7584856,0.55623432,100.753803,31.869879,0.59701376,1375.3377,7.4922507,1.6457436,0.97357748,0.036149399,0.2625063,7.4922507,1.6457436,5.9344262,1.3035527,11.747196,0.20688,0.333134,0.029546,0.102385,46.728388,0.827018,1915.467168,655.003866
2424,62359.7016,1565196639.29,1.0273358,-0.22569289,58.862005,-12.93125,1.1674596,755.01022,11.355565,1.475593,0.97520055,-0.025599898,0.1533643,11.355565,1.475593,9.8456011,1.2793815,11.882821,0.18338,0.309238,0.067387,0.077408,60.372167,0.392489,992.12376,223.509902
2441,62455.9914,1573516077.39,0.4119193,0.90935575,23.601237,52.102247,1.6073926,300.41631,7.6115412,1.2997366,0.73102885,0.01927388,0.0646701,7.6115412,1.2997366,7.1492018,1.2207881,11.965714,0.1604,0.104375,0.028009,0.024632,54.780535,0.036588,621.914595,213.268908
2451,62284.9395,1558737186.63,0.013504872,0.48951635,0.773772,28.047221,2.2192304,960.67616,15.60563,1.6708138,0.9850048,0.038379872,0.1908151,15.60563,1.6708138,13.1049989,1.4030842,11.721189,0.2105,0.188431,0.022669,0.053029,40.025615,0.603939,1185.791666,273.690911
2479,62661.3018,1591254894.24,3.3545083,-0.83012584,192.199168,-47.562707,1.9973844,1239.2544,6.9123392,1.6374729,0.86135909,0.017446354,0.2394794,6.9123392,1.6374729,5.5768083,1.3210973,11.755101,0.20571,0.136048,0.002524,0.046316,19.46314,0.413767,1757.227604,578.264105
2499,64322.4302,1734776387.89,4.7345565,-1.0156568,271.270105,-58.192848,0.37638575,1531.8575,6.971918,1.8399397,0.97905258,0.034551195,0.2884577,6.971918,1.8399397,5.4110568,1.4280171,11.476724,0.23675,0.288049,0.000776,0.105059,66.057286,0.929999,1351.692304,366.393696
2504,63649.8431,1676664864.23,0.88139621,0.81861073,50.500283,46.90294,2.8199187,3203.0757,10.179957,1.6923128,0.95213854,-0.038941454,0.5401556,10.179957,1.6923128,6.6096938,1.0987934,11.697668,0.21364,0.177559,0.011019,0.053625,29.494131,0.948708,2364.409844,702.966136
2525,63795.3168,1689233786.3,5.6203217,-0.20914581,322.020713,-11.983172,1.3827469,446.59142,5.7748293,1.4024541,0.81093056,-0.0044375421,0.0942184,5.7748293,1.4024541,5.277584,1.2816949,11.922386,0.17371,0.196818,0.029346,0.058732,74.498552,0.186943,1123.40467,423.8339
2569,61130.9731,1459034495.06,4.0556348,0.17667959,232.370757,10.122995,2.799937,1256.3741,10.874939,1.5183751,0.96108008,0.0070448637,0.2424014,10.874939,1.5183751,8.7531603,1.2221292,11.854477,0.18915,0.252642,0.047835,0.065595,41.863002,0.942201,1068.903951,319.073426
2599,64334.9573,1735858728.95,1.40682,0.87442886,80.604849,50.101083,1.1544735,1282.7104,6.7130186,1.7287197,0.93957536,0.023277106,0.2468821,6.7130186,1.7287197,5.3838439,1.386434,11.652748,0.21908,0.229276,0.005323,0.080837,57.55647,0.4044,1849.086295,519.248206
2622,62033.0196,1536971307.29,0.0028117655,-1.2371034,0.161102,-70.880804,0.47736186,761.78225,11.721633,1.4521867,0.93049789,0.011455013,0.1546206,11.721633,1.4521867,10.1519343,1.2577176,11.896117,0.18027,0.174226,0.039093,0.043242,22.687876,0.88821,842.105812,195.314533
2635,64413.4339,1742639104.61,0.58374243,-1.3847889,33.445978,-79.342559,2.1844237,1133.452,7.8537146,1.6504967,0.89922338,-0.024875806,0.2212518,7.8537146,1.6504967,6.4308727,1.3514795,11.743169,0.20755,0.153343,0.006233,0.04898,65.571543,0.575837,1785.675899,588.560796
2699,63361.2994,1651734684.26,2.2629462,-0.055890156,129.657267,-3.20227,2.3491026,1409.048,7.0883041,1.5821111,0.96472682,0.01540513,0.2681421,7.0883041,1.5821111,5.5895187,1.2475819,11.8063,0.19789,0.335855,0.03493,0.102026,29.380451,0.702074,1867.663781,543.033937
2708,64018.1554,1708487045.19,5.5438058,-1.1483569,317.636675,-65.796004,1.0211236,695.97502,7.7978462,1.298079,0.64373008,0.039123935,0.1423406,7.7978462,1.298079,6.8262008,1.1363327,11.966309,0.16019,0.049441,0.010411,0.012569,50.027188,0.522408,1346.103955,471.890676
2715,62226.2905,1553669914.45,2.9740383,-0.44834281,170.399843,-25.688151,0.94324854,1005.5062,14.861963,1.6487173,0.9775126,0.026807883,0.1987969,14.861963,1.6487173,12.397399,1.37531,11.74405,0.20731,0.172216,0.019979,0.048704,61.683203,0.587162,1654.738861,506.841412
2744,64053.0183,1711499196.14,2.2418624,0.73709275,128.449254,42.232304,2.2016396,655.27375,6.0861923,1.3755222,0.62655083,-0.011027745,0.1346632,6.0861923,1.3755222,5.3638755,1.2122735,11.935438,0.17019,0.070193,0.010234,0.020418,70.182861,0.589826,1208.238063,427.105192
2756,64281.4818,1731238445.99,0.79884995,-0.1568506,45.770731,-8.986877,0.28181266,697.94956,8.8445594,1.73058,0.93811867,0.0019132174,0.1427114,8.8445594,1.73058,7.7399764,1.5144506,11.650195,0.21936,0.164375,0.002374,0.053105,34.203493,0.960553,661.99053,126.789935
2762,61638.2259,1502861134.82,1.9014089,0.051910083,108.942705,2.974229,2.2388301,1202.3452,8.2697464,1.7384173,0.93940648,0.038533486,0.2331542,8.2697464,1.7384173,6.7061737,1.4097323,11.639952,0.22055,0.180153,0.002907,0.059018,29.16505,0.619444,1667.883793,503.567241
2768,63994.2531,1706421881.9,5.9857805,-0.70356674,342.95996,-40.311405,0.16395632,764.508,10.80192,1.5241912,0.95704346,0.0073560621,0.1551259,10.80192,1.5241912,9.3512927,1.3195023,11.850699,0.18993,0.239798,0.04416,0.062667,62.011435,0.986589,667.004439,160.775417
2779,63265.6933,1643474319.45,2.9905599,1.0698275,171.346461,61.296601,0.75720371,730.88803,13.602921,1.447128,0.89300649,-0.011618092,0.1488756,13.602921,1.447128,11.8402034,1.2596037,11.899653,0.17959,0.065866,0.000373,0.020952,38.472663,0.72676,712.198915,183.240006
2789,61372.4819,1479900856.58,4.950441,-0.89955573,283.639376,-51.540747,2.8089775,1651.4922,10.426603,1.7492289,0.98049479,-0.046520472,0.3079397,10.426603,1.7492289,7.9717764,1.3373926,11.624601,0.22221,0.248557,0.01783,0.074334,56.181276,0.945192,1624.8382,633.985556
2821,63364.2484,1651989481.68,0.15740135,0.86981113,9.018433,49.836507,2.4720385,389.49533,10.858378,1.2596709,0.97064518,0.013942236,0.0828065,10.858378,1.2596709,10.0279948,1.1633389,11.979495,0.15528,0.369116,0.113626,0.081741,63.380593,0.784098,370.677979,81.593554
2824,62901.1998,1611982076.86,0.49415794,0.9160879,28.313164,52.48797,2.0946767,585.90625,6.3782321,1.3340898,0.65812035,-0.041896036,0.1214265,6.3782321,1.3340898,5.6876063,1.1896365,11.952845,0.16482,0.088382,0.018444,0.023257,72.006487,0.500244,1068.869543,364.65078
2828,63084.9672,1627859580.73,3.0656681,-1.2946427,175.649844,-74.177563,1.2554413,357.86616,7.2428971,1.4485729,0.69958905,-0.022700056,0.0764145,7.2428971,1.4485729,6.7287247,1.3457389,11.89859,0.17978,0.054866,0.001383,0.017605,29.303123,0.310154,709.699938,202.881229
2834,62244.8024,1555269341.06,1.2552557,-0.23227084,71.920854,-13.308139,0.67250808,1488.072,6.5186932,1.6635633,0.98282154,-0.021039999,0.2812526,6.5186932,1.6635633,5.0877503,1.2983883,11.728631,0.20946,0.385959,0.026646,0.129088,63.245388,0.782262,1500.991839,519.054231
2869,64354.7417,1737568103.85,3.4466427,-0.69878237,197.47808,-40.037281,1.6522028,647.1353,6.552876,1.7319774,0.96619569,0.0060617265,0.1331203,6.552876,1.7319774,5.7830364,1.5285026,11.648162,0.21958,0.299644,0.011358,0.105518,29.64961,0.081317,1145.142042,405.108692
2905,61069.3533,1453710544.28,5.232663,-0.32474822,299.809506,-18.606702,1.3875613,700.80293,6.3792104,1.4934595,0.72886162,0.0031281264,0.143247,6.3792104,1.4934595,5.5799056,1.3063314,11.870637,0.18579,0.084877,0.004611,0.027706,15.562803,0.182211,1793.151103,553.907937
2908,63002.818,1620761896.96,2.8984332,-1.2050447,166.06799,-69.043975,0.3719996,1122.4208,9.5559325,1.4106762,0.793228,0.021111828,0.219334,9.5559325,1.4106762,7.8370097,1.1569235,11.918139,0.17479,0.065879,0.007313,0.018775,42.221886,0.931602,1083.289586,230.470974
2938,63982.1434,1705375606.98,2.4961618,-0.70917324,143.019536,-40.632634,2.8611368,1203.4742,8.97768,1.4133121,0.84914658,-0.045846202,0.2333482,8.97768,1.4133121,7.2791122,1.1459149,11.917159,0.17513,0.134597,0.027599,0.034364,51.594705,0.960929,1109.145241,271.488249
2960,64257.0106,1729124134.43,0.64521975,-0.32674911,36.968369,-18.721345,2.3634305,1007.1551,7.3805261,1.4290658,0.7487493,0.0013748578,0.1990893,7.3805261,1.4290658,6.1551098,1.1917927,11.909715,0.1772,0.086758,0.01161,0.02459,27.446073,0.712205,1374.358582,466.76247
3009,64066.6824,1712679773.46,4.8974639,0.80292527,280.604012,46.004229,1.0251364,1234.9308,9.111327,1.6926114,0.97317731,0.023281986,0.2387403,9.111327,1.6926114,7.3553165,1.3663973,11.697156,0.21369,0.273435,0.023989,0.081126,21.033968,0.518982,1891.429687,580.916674
3010,61160.2205,1461561467.46,0.10170462,1.4882465,5.827245,85.270243,0.75160637,859.21509,7.0480649,1.5167393,0.94946876,0.013042911,0.1725168,7.0480649,1.5167393,6.0110565,1.2935757,11.855267,0.18893,0.317825,0.040318,0.093003,34.96823,0.730593,852.870946,218.937215
3013,63838.7597,1692987260.34,2.1777582,-0.76711451,124.776354,-43.952424,1.5695873,555.26586,18.429053,1.427639,0.96357499,0.025430153,0.115516,18.429053,1.427639,16.5206532,1.2798015,11.910108,0.17701,0.12479,0.025835,0.031655,58.226603,0.001209,940.182618,340.346837
3037,63348.0828,1650592774.38,5.0259267,0.26048901,287.964388,14.924921,2.2711561,813.74802,7.7602944,1.5715312,0.97641755,-0.01231922,0.1642066,7.7602944,1.5715312,6.6657362,1.3498731,11.814582,0.19643,0.363043,0.043744,0.105376,27.741195,0.644493,890.183949,210.020085
3080,63442.7795,1658774569.9,6.029152,-0.81316289,345.444964,-46.590802,0.77230155,242.67278,5.596302,1.2863904,0.49875427,0.043165549,0.0526819,5.596302,1.2863904,5.316233,1.2220125,11.970451,0.15869,0.05583,0.012737,0.014767,21.063982,0.716307,318.092168,101.791048
3103,62032.1772,1536898526.61,5.497646,0.79474122,314.991913,45.535318,2.1355226,400.83852,5.5110406,1.3288384,0.47686024,0.012759093,0.0850865,5.5110406,1.3288384,5.0788953,1.2246382,11.954981,0.16414,0.041009,0.005499,0.012413,18.717489,0.535185,535.032565,138.713194
3112,63851.7627,1694110719.48,3.5086789,-0.081342493,201.032493,-4.660582,0.83773144,776.24635,7.0291064,1.541631,0.95776954,0.043585577,0.1572984,7.0291064,1.541631,6.0737197,1.3320946,11.83696,0.19233,0.330945,0.03879,0.098481,45.563323,0.66915,905.717504,216.134267
3116,63648.9518,1676587857.77,2.7566858,-0.58827174,157.946462,-33.705488,0.8749186,1227.1026,8.3401782,1.5331783,0.81023063,0.040189554,0.2374008,8.3401782,1.5331783,6.740078,1.2390312,11.844711,0.19115,0.076848,0.001188,0.024574,32.025516,0.641059,1226.856096,369.502703
3148,63072.1265,1626750150.6,4.3884165,0.53001414,251.437744,30.367573,2.4222551,193.50986,7.3466303,1.1885326,0.80025866,-0.033171074,0.0423212,7.3466303,1.1885326,7.048336,1.1402748,11.999761,0.14626,0.199494,0.063355,0.043774,70.766023,0.752242,283.181057,54.254519
3157,63997.9327,1706739806.96,1.4103144,0.91280261,80.805063,52.299737,0.96879667,749.08453,5.9542163,1.4901612,0.9312925,0.036300745,0.1522636,5.9542163,1.4901612,5.167408,1.2932467,11.873074,0.18534,0.316643,0.035656,0.099961,62.49865,0.566292,899.377345,293.284029
3165,62373.321,1566373350.27,2.2932482,0.33811419,131.393443,19.372516,2.047852,1253.1257,12.632776,1.5756236,0.95445624,0.030933369,0.2418476,12.632776,1.5756236,10.1725657,1.2687738,11.810994,0.197,0.167246,0.024642,0.045634,33.884153,0.459166,1221.294427,397.320908
3166,63738.8929,1684358761.66,3.7936773,0.60472673,217.361698,34.648289,2.4218413,894.59454,6.5610716,1.2950582,0.56909782,0.0062979007,0.1789352,6.5610716,1.2950582,5.565252,1.0984982,11.967389,0.15981,0.051553,0.011524,0.013143,27.065941,0.75197,788.633659,274.403953
3183,64330.9606,1735513416.33,5.7763567,-1.3194193,330.96086,-75.597157,0.5039276,1652.9429,15.320717,1.6520279,0.97946152,0.039067586,0.3081742,15.320717,1.6520279,11.7115269,1.2628501,11.74235,0.20776,0.170647,0.019451,0.048369,50.671684,0.875693,1987.675484,675.304634
3202,64402.376,1741683707.72,4.1281737,0.95622592,236.52693,54.787709,1.2648104,523.27315,9.3100672,1.40166,0.8292266,0.037054061,0.1093014,9.3100672,1.40166,8.3927298,1.263552,11.923019,0.1736,0.107356,0.021704,0.02747,50.24719,0.301233,894.748065,279.470093
3225,62785.1625,1601956455.41,3.1343125,1.0327248,179.582878,59.170772,2.4511384,603.66341,6.4902364,1.4065429,0.78887019,-0.034675732,0.1248336,6.4902364,1.4065429,5.7699522,1.2504453,11.919762,0.17426,0.152608,0.025276,0.042763,19.615289,0.770957,686.349857,174.240522
3230,62560.8079,1582572219.6,3.408804,0.50509952,195.310082,28.940071,2.6640001,1152.197,7.0375805,1.4449835,0.93940554,0.02324488,0.2245029,7.0375805,1.4449835,5.7472959,1.1800572,11.901104,0.1793,0.317871,0.049089,0.088979,56.136631,0.888104,1101.777102,268.664526
3253,63339.8084,1649877867.56,5.7555761,-0.15054275,329.770219,-8.625464,0.89075235,447.35691,10.64667,1.5458082,0.90550815,0.048186093,0.0943703,10.64667,1.5458082,9.728581,1.4125093,11.833895,0.1929,0.122501,0.013586,0.034904,27.803526,0.628827,1153.522232,448.610866
3258,61618.2649,1501136504.64,4.2073835,-1.2545555,241.065317,-71.880735,1.2614374,378.61894,15.206741,1.36242,0.90720627,0.039987366,0.0806143,15.206741,1.36242,14.072312,1.2607829,11.94073,0.16849,0.079017,0.011632,0.021556,42.819834,0.304448,512.488466,159.306262
3266,63429.5773,1657633900.95,3.4155722,-0.044877988,195.697872,-2.571319,2.3860588,418.25966,5.7882748,1.5027865,0.97395007,0.038854084,0.0885756,5.7882748,1.5027865,5.3172922,1.3805072,11.865314,0.18703,0.415339,0.042501,0.135157,40.348373,0.727906,426.598518,77.921553
3279,62437.8373,1571947559.86,1.7219716,-0.31698273,98.661705,-18.161773,0.97454137,1481.1954,14.469842,1.503932,0.95712017,-0.022686161,0.2801172,14.469842,1.503932,11.3035289,1.1748393,11.864759,0.18718,0.158997,0.031776,0.040699,41.999682,0.561548,1972.190912,649.219916
3355,63756.5555,1685884810.61,3.2602508,-0.42957911,186.798611,-24.61307,0.82165146,1361.5188,7.6457764,1.84445,0.98770715,0.039163477,0.2601884,7.6457764,1.84445,6.0671693,1.4636304,11.468442,0.2375,0.312263,0.005423,0.107283,47.097446,0.681013,1546.064366,506.982796
3366,63294.0336,1645922924.34,4.0179999,-0.57588262,230.214436,-32.995644,0.31648131,779.82075,6.7596997,1.5109625,0.74594368,0.017491384,0.157959,6.7596997,1.5109625,5.8375983,1.3048497,11.858939,0.18815,0.079515,0.002585,0.026096,19.349624,0.950336,685.12106,177.484365
3372,63707.2251,1681622664.57,0.40440482,0.32121021,23.170689,18.403989,1.9823118,770.76927,7.6992981,1.4943489,0.88769415,0.0047404068,0.1562853,7.6992981,1.4943489,6.6586489,1.2923704,11.869997,0.18591,0.195249,0.028352,0.054633,61.872532,0.399999,1048.499946,380.142648
3373,64225.0755,1726364942.74,5.6457852,-0.66532468,323.479664,-38.120296,2.2020693,542.80411,7.4339387,1.3886358,0.81653997,-0.015766495,0.1131006,7.4339387,1.3886358,6.6785863,1.2475384,11.928621,0.17191,0.153562,0.030557,0.040033,73.411336,0.590173,755.884124,172.777423
3408,62733.3591,1597480644.59,4.7520134,-0.10068653,272.270312,-5.768913,0.55358495,755.53878,8.2898403,1.5283765,0.88767857,-0.024710926,0.1534624,8.2898403,1.5283765,7.1869183,1.3250336,11.847521,0.1905,0.166406,0.021493,0.047085,26.358954,0.850645,793.255864,200.351761
3438,62084.9844,1541461074.22,0.57345298,0.26345814,32.856436,15.09504,1.3744878,625.07743,12.200166,1.6746739,0.98208171,0.038848928,0.1289252,12.200166,1.6746739,10.8068861,1.4834233,11.716613,0.21107,0.246411,0.030861,0.069022,31.812436,0.19505,1654.538022,557.774651
3473,62116.064,1544146350.03,1.7692142,-0.20771091,101.368507,-11.900959,1.860582,591.99622,6.043402,1.5256852,0.94939849,0.02926145,0.1225965,6.043402,1.5256852,5.3834145,1.3590682,11.849487,0.19014,0.339985,0.03469,0.109079,69.954428,0.285747,848.580034,243.763062
3501,62893.6616,1611330778.67,1.8601401,0.20057426,106.578177,11.492059,1.3135752,812.69892,7.6189261,1.4871107,0.83228408,-0.00033718304,0.1640141,7.6189261,1.4871107,6.5453901,1.2775711,11.875245,0.18493,0.132865,0.017234,0.037888,68.401639,0.254394,1721.91513,527.903232
3528,63639.5508,1675775606.41,5.6774523,-0.50605895,325.294055,-28.995042,2.0792199,313.94745,5.9522733,1.5930065,0.86954863,0.045879793,0.0674523,5.9522733,1.5930065,5.5761494,1.4923445,11.797133,0.19941,0.191697,0.010994,0.066597,48.768028,0.486801,595.173588,312.979107
3553,63958.3042,1703315896.69,1.9256074,0.36915147,110.329177,21.150821,2.0320359,442.00141,15.081679,1.2802119,0.90372214,0.020803985,0.0933068,15.081679,1.2802119,13.7945532,1.1709539,11.972597,0.1579,0.101108,0.031084,0.0224,54.131271,0.445058,965.512635,331.564337
3577,63515.76,1665080078.46,4.6831225,-1.0279679,268.323154,-58.898222,0.62560278,474.99053,6.4397861,1.4709881,0.73827965,0.016036769,0.099836,6.4397861,1.4709881,5.8552237,1.3374613,11.88513,0.18277,0.095895,0.008761,0.029788,45.925151,0.81061,574.953408,194.366414
3630,62370.0679,1566092282.17,3.7461042,0.26965157,214.63596,15.449897,0.4408016,934.53288,7.1052373,1.5752652,0.97574868,-0.0031089564,0.1861317,7.1052373,1.5752652,5.9902599,1.3280694,11.811266,0.19695,0.373785,0.040106,0.112875,48.579274,0.90441,1011.985013,290.590801
3654,62907.4965,1612526113.39,2.5568353,0.61459159,146.495872,35.213504,2.7501581,1032.6839,7.8076193,1.6306859,0.94488816,0.0084684774,0.2036062,7.8076193,1.6306859,6.4868551,1.3548334,11.762184,0.20473,0.247734,0.022197,0.074973,26.107183,0.924363,1801.809895,713.901442
3691,62394.9171,1568239252.78,2.2441162,-0.46076153,128.578387,-26.399691,2.1905975,471.08316,11.005092,1.5281693,0.93032587,-0.0092539559,0.0990654,11.005092,1.5281693,10.013137,1.3904262,11.847653,0.19048,0.165572,0.027092,0.044349,27.486972,0.580873,639.307419,155.913179
3738,63693.8161,1680464131.3,5.9474344,-0.38267534,340.76289,-21.925682,0.19234366,447.40608,7.7605027,1.4695564,0.93254217,-0.019537626,0.09438,7.7605027,1.4695564,7.0912319,1.3428209,11.885878,0.18258,0.277446,0.044759,0.075875,57.006081,0.981559,408.597208,66.568354
3750,62101.2878,1542869680.67,2.5527672,-0.7839448,146.262787,-44.916728,0.36094862,434.5916,14.997062,1.4226306,0.9842463,-0.03843927,0.0918331,14.997062,1.4226306,13.735672,1.3029744,11.911773,0.17637,0.297108,0.086247,0.067454,67.634309,0.935562,416.207623,59.396002
3760,63086.4842,1627990650.71,4.4805446,-0.78550269,256.716296,-45.005989,0.48147168,701.08752,11.034118,1.5050057,0.9642468,-0.022492477,0.1433004,11.034118,1.5050057,9.6511099,1.3163694,11.864168,0.18733,0.264156,0.052562,0.06775,57.768257,0.886314,715.333118,141.459427
3794,61588.5268,1498567129.68,4.1565588,1.0431789,238.153277,59.769748,2.0861277,453.7732,6.473759,1.5108049,0.77549142,-0.048126709,0.0956426,6.473759,1.5108049,5.9086412,1.3789213,11.859087,0.18813,0.109889,0.008148,0.035073,34.955379,0.492823,655.494086,137.081562
3814,63358.8793,1651525588.13,0.64274935,0.15793851,36.826825,9.04921,1.5728807,275.9651,6.7713978,1.5546425,0.91357122,-0.006595618,0.0596169,6.7713978,1.5546425,6.390421,1.4671742,11.827642,0.1941,0.242496,0.024934,0.07452,67.090923,0.002084,293.277059,29.383109
3824,61695.5461,1507813602.97,2.096274,-0.40319236,120.107653,-23.101221,1.1718763,456.18327,9.008378,1.4423749,0.80457413,-0.027573214,0.09612,9.008378,1.4423749,8.2184232,1.3158914,11.902303,0.17896,0.080486,0.009793,0.02272,16.157535,0.388423,770.821904,232.126037
3888,62853.098,1607826089.03,5.7963353,0.72603414,332.105549,41.598692,1.1178685,581.25723,11.407657,1.460841,0.93329475,-0.010212333,0.1205322,11.407657,1.460841,10.1805702,1.3037028,11.890363,0.18143,0.185332,0.040513,0.046348,16.383793,0.4376,919.988662,249.800203
3900,63556.3169,1668584199.6,4.4322035,1.3859487,253.946554,79.409011,1.0280285,734.27537,6.281883,1.4313979,0.87389243,0.032818688,0.1495072,6.281883,1.4313979,5.4648486,1.2452274,11.908515,0.1775,0.239483,0.03515,0.06979,44.926166,0.516508,1308.12842,391.243067
3916,61424.8673,1484426952.82,5.5367416,-1.046046,317.231926,-59.934021,2.54376,1069.6544,13.595474,1.4655985,0.96364388,-0.044593778,0.2101137,13.595474,1.4655985,11.2348728,1.2111246,11.887849,0.18206,0.215223,0.052745,0.051979,73.893984,0.826557,1404.761723,586.650102
3931,62810.7751,1604169389.54,0.24950634,0.18944174,14.29566,10.854212,2.526325,1027.5665,6.7842961,1.4830145,0.89185487,0.035186043,0.2027023,6.7842961,1.4830145,5.6408771,1.2330686,11.878195,0.18437,0.232268,0.031307,0.06767,48.054522,0.816619,1199.582055,369.408141
4032,63392.8014,1654456460.95,1.3825879,1.2405706,79.216451,71.07946,0.83116155,557.89325,7.8313778,1.481023,0.83058279,0.018254558,0.1160244,7.8313778,1.481023,7.0172103,1.3270525,11.879633,0.1841,0.126712,0.016984,0.035773,67.504476,0.674018,902.530049,311.409122
4058,61159.8446,1461528990.37,3.1150729,0.54420814,178.48053,31.18083,0.25029959,907.48926,6.3934752,1.5074086,0.71353855,-0.039742612,0.1812643,6.3934752,1.5074086,5.4124001,1.2760976,11.862393,0.18765,0.071011,0.000644,0.02436,59.819658,0.968838,795.955571,184.882745
4070,62260.0345,1556585394.52,1.7696203,-0.019403233,101.391775,-1.111723,0.88620769,441.60802,8.5320731,1.6448756,0.98999918,0.034318072,0.0932286,8.5320731,1.6448756,7.8044727,1.5046035,11.748269,0.20676,0.389666,0.042353,0.113565,24.819001,0.632354,537.988224,127.247709
4077,61276.7607,1471630542.32,4.5909375,-0.85432844,263.041343,-48.949414,0.51956665,1189.3738,7.0496198,1.5042522,0.75732949,0.02521679,0.2309229,7.0496198,1.5042522,5.7271012,1.2220524,11.864592,0.18723,0.080781,0.003703,0.025769,27.519439,0.868034,886.841505,240.612174
4100,63603.29,1672642676.74,0.37842915,-0.96899783,21.682393,-55.519486,2.8054399,747.47935,6.4559026,1.3851266,0.76908526,0.038698502,0.1519653,6.4559026,1.3851266,5.6042511,1.2024031,11.930172,0.17145,0.143931,0.025656,0.039604,61.111987,0.944031,644.369158,170.052135
4136,64243.9632,1727996838.79,2.5955436,0.96475179,148.713694,55.276206,2.5741258,1289.9396,7.8889968,1.3875912,0.89513109,-0.011691437,0.248109,7.8889968,1.3875912,6.3207594,1.1117548,11.92903,0.17177,0.234843,0.048309,0.06031,33.455331,0.843265,1019.894672,292.676314
4142,63432.9298,1657923553.19,1.730667,1.178875,99.159915,67.544562,2.761907,1338.9066,7.1297079,1.5918537,0.84609912,-0.027701789,0.2563858,7.1297079,1.5918537,5.674776,1.2670103,11.797963,0.19925,0.128035,0.005746,0.041466,15.344713,0.928781,1716.596229,569.918019
4216,61609.7853,1500403869.53,5.6280528,-1.394125,322.463672,-79.877479,0.92020314,1024.7781,7.0649652,1.4689532,0.90541568,-0.0065558695,0.2022095,7.0649652,1.4689532,5.8766507,1.2218779,11.88619,0.1825,0.24881,0.03673,0.07042,29.176365,0.605659,1297.94024,408.980584
4257,61200.2041,1465016048.81,5.4050306,1.0542221,309.685442,60.402477,1.2039618,914.18088,7.9034571,1.6311685,0.95693001,0.043441767,0.1824709,7.9034571,1.6311685,6.6838492,1.3794576,11.761688,0.2048,0.275543,0.026295,0.082613,50.112707,0.358662,1533.804214,532.012992
4291,63305.3504,1646900695.41,2.5410554,0.072206835,145.59175,4.137147,1.7816916,936.17858,9.8234536,1.4262163,0.87793436,0.010934142,0.1864272,9.8234536,1.4262163,8.2798624,1.2021103,11.910419,0.17683,0.142936,0.029996,0.036194,51.960107,0.209335,1637.771107,592.776366
4303,63815.8951,1691011752.16,1.1209885,-0.55191025,64.22791,-31.622128,0.53960528,702.73162,8.8170362,1.4361197,0.78067128,0.0012944684,0.1436089,8.8170362,1.4361197,7.7098354,1.2557787,11.904574,0.17815,0.068035,0.006295,0.019858,44.527478,0.857912,677.139191,152.546233
4313,61096.6393,1456068051.05,1.5099107,-0.23443166,86.511511,-13.431945,2.3886738,1035.1026,14.138035,1.5599712,0.93795959,-0.021187432,0.2040332,14.138035,1.5599712,11.7422302,1.2956214,11.823022,0.19484,0.095931,0.003543,0.029557,37.832823,0.729696,1617.173095,545.239122
4335,63443.9093,1658872182.68,3.2386883,0.37857439,185.563171,21.690715,2.3925828,1635.9789,12.268488,1.5469334,0.97712713,-0.0002560774,0.3054299,12.268488,1.5469334,9.3980445,1.1849992,11.833312,0.19305,0.270868,0.052582,0.069855,29.51384,0.732363,2111.751498,644.937721
4340,64179.019,1722385659.88,1.3574877,0.075258084,77.778316,4.311971,2.8181219,495.69012,6.0584903,1.3148458,0.4905986,0.037542536,0.103907,6.0584903,1.3148458,5.4882253,1.1910838,11.960196,0.16234,0.033507,0.004061,0.009893,37.376796,0.948138,442.613718,96.498758
4352,61412.7467,1483379736.73,1.0813119,-0.64397627,61.954608,-36.897122,1.2852332,688.93584,8.3932245,1.5113162,0.89377152,0.0032248242,0.1410174,8.3932245,1.5113162,7.3559129,1.3245339,11.858614,0.1882,0.17807,0.025759,0.049356,61.217676,0.281698,1994.461231,573.876711
4359,63230.5299,1640436199.94,4.2714556,0.097005487,244.736378,5.558005,1.6329415,545.08659,6.1643674,1.3782266,0.94732126,-0.0099757075,0.1135435,6.1643674,1.3782266,5.5358118,1.2376944,11.934047,0.17054,0.372555,0.05752,0.106872,37.676299,0.062105,1731.900522,485.305413
4380,63970.4716,1704367163.04,5.7992118,1.0647825,332.270361,61.007543,2.8175283,1176.4812,10.862033,1.465912,0.8510528,-0.0054838326,0.2287006,10.862033,1.465912,8.8402599,1.1930587,11.887699,0.1821,0.071089,0.004138,0.021435,36.478968,0.947949,1165.891159,439.326208
4382,63804.8188,1690054766.46,2.9010441,-0.18833388,166.217583,-10.790736,1.8589237,865.38556,7.6004706,1.6049205,0.95167908,0.031582138,0.1736392,7.6004706,1.6049205,6.4759854,1.3674735,11.785785,0.20109,0.279263,0.028302,0.083662,37.980796,0.284157,1174.05777,372.997301
4390,61368.0445,1479517465.52,4.2632465,-0.9938524,244.266031,-56.943548,2.6293876,996.5223,9.7446236,1.5624153,0.95910343,-0.03317437,0.1972022,9.7446236,1.5624153,8.1394968,1.3050555,11.82169,0.19517,0.258955,0.0395,0.070534,66.346987,0.871666,901.870287,224.539331
4400,61677.7308,1506274360.2,4.824043,-0.24664105,276.397304,-14.131491,2.1698942,577.06269,6.2864312,1.3707821,0.72447321,-0.027138744,0.1197246,6.2864312,1.3707821,5.6142653,1.2242136,11.9374,0.16957,0.121078,0.022073,0.033312,16.739669,0.563898,702.988962,177.355071
4401,63536.063,1666834262.39,4.8592409,-0.45829375,278.413995,-26.258298,1.0572654,219.2184,5.5139614,1.2463041,0.57425687,0.027706071,0.0477572,5.5139614,1.2463041,5.2626326,1.189497,11.983968,0.15358,0.099305,0.0263,0.024861,27.416379,0.491256,315.771166,83.05686
4408,63011.0135,1621469985.51,1.4183791,0.97168035,81.267136,55.673183,2.771376,482.96106,5.5309995,1.344643,0.83887954,0.038660185,0.1014059,5.5309995,1.344643,5.021763,1.2208423,11.949676,0.16617,0.248289,0.040943,0.072751,67.492677,0.932249,442.973641,89.141034
4414,63034.4133,1623491729.69,0.79969047,-0.29730694,45.818889,-17.034433,1.3837963,1339.3322,6.910908,1.577687,0.82246269,-0.0020368028,0.2564575,6.910908,1.577687,5.5003119,1.2556629,11.809608,0.19728,0.115509,0.004353,0.037992,73.096933,0.185912,1633.229099,535.188521
4417,64138.6419,1718897074.66,5.8572938,-0.87673015,335.598214,-50.232937,2.3290375,852.09701,12.711544,1.5664344,0.94247077,-0.034674334,0.1712205,12.711544,1.5664344,10.8532462,1.3374377,11.819051,0.19572,0.136795,0.016984,0.038338,48.790343,0.687646,1127.994925,311.227152
4421,61685.7305,1506965531.63,0.054807379,0.7667121,3.140232,43.929367,0.31496296,870.84926,7.6936008,1.4635272,0.79792401,-0.035336405,0.174632,7.6936008,1.4635272,6.5497966,1.2459453,11.888863,0.18179,0.105468,0.013577,0.029984,53.298335,0.950808,954.769733,209.076916
4436,61921.4138,1527328567.98,2.2882173,0.90204942,131.105194,51.683625,0.69312871,1639.6483,6.6951499,1.6473134,0.8765358,-0.032666809,0.306024,6.6951499,1.6473134,5.1263607,1.2613194,11.745332,0.20712,0.157819,0.004265,0.054179,67.309086,0.769251,1720.274594,528.760622
4465,64412.1684,1742529769.35,0.72896266,-1.2483364,41.766484,-71.524407,0.54800182,772.38046,7.1307863,1.5542918,0.79674821,0.0041676395,0.1565835,7.1307863,1.5542918,6.1653884,1.3438648,11.828034,0.19405,0.093428,0.00247,0.030601,28.526187,0.853567,780.901042,190.128941
4471,63178.4462,1635936169.63,2.8048512,-0.6083546,160.706136,-34.856151,0.98400485,1210.1998,6.6133489,1.5095044,0.97560225,-0.010348055,0.2345032,6.6133489,1.5095044,5.3570932,1.2227626,11.860364,0.18795,0.402967,0.047743,0.121404,40.171457,0.553692,1517.844179,527.586003
4472,63699.2357,1680932383.51,0.18141636,0.24614063,10.394392,14.102819,0.7374964,838.47491,6.2907845,1.4950777,0.70620897,-0.02921336,0.1687348,6.2907845,1.4950777,5.3825594,1.2792275,11.86949,0.18601,0.073171,0.001932,0.024745,23.053461,0.740154,922.163168,270.254592
4482,63988.3098,1705908383.38,0.17086896,-1.0272499,9.79007,-58.857084,2.1840623,502.96612,9.4813294,1.6270626,0.93499019,-0.039359909,0.1053333,9.4813294,1.6270626,8.5778012,1.4720108,11.766014,0.20421,0.180243,0.01693,0.052696,56.827597,0.575541,633.683619,169.587779
4525,62605.0869,1586397929.68,2.0332796,1.0074797,116.49834,57.724335,2.1364863,929.977,14.342602,1.5386001,0.95471007,-0.040389355,0.1853134,14.342602,1.5386001,12.1002617,1.2980534,11.840118,0.1919,0.141683,0.022099,0.038256,40.950207,0.535998,1131.781378,269.342734
4530,62294.84,1559592597.3,5.5224727,-0.93484554,316.414378,-53.562704,0.42372454,632.36888,6.5661558,1.6296831,0.91931976,-0.00099964984,0.1303141,6.5661558,1.6296831,5.8091426,1.4417967,11.763238,0.20459,0.232146,0.014919,0.076964,27.316852,0.911564,582.856123,108.343723
4565,61307.546,1474290390.86,0.32223409,-1.0791716,18.462653,-61.831978,1.0032498,269.03968,5.4874235,1.364364,0.91333204,0.0021283341,0.0581795,5.4874235,1.364364,5.1857209,1.2893503,11.939884,0.16875,0.333364,0.048443,0.101036,32.290588,0.537565,324.555346,85.880617
4568,62933.4052,1614764624.41,1.2090913,0.18743139,69.275829,10.739028,0.48796403,801.33302,6.5964644,1.5517178,0.77798134,0.035260301,0.1619252,6.5964644,1.5517178,5.6771853,1.3354714,11.830572,0.19369,0.095362,0.002306,0.032184,63.410915,0.883289,797.498492,162.92964
4570,63082.6176,1627656575.46,3.8631449,-0.41038296,221.341898,-23.513212,1.2462781,876.54763,6.4490679,1.6016937,0.96268151,-0.013099418,0.1756664,6.4490679,1.6016937,5.4854574,1.3623709,11.788965,0.20063,0.339054,0.028814,0.109955,63.17533,0.318852,1564.823458,446.818604
4602,62145.4397,1546684406.09,2.1027891,0.71132463,120.480941,40.755899,1.7931388,613.8688,6.9193795,1.3465486,0.66402417,-0.027962869,0.1267859,6.9193795,1.3465486,6.1408111,1.195035,11.949093,0.16641,0.071699,0.013883,0.018935,36.208297,0.220515,1003.673989,303.814791
4612,64079.0967,1713752370.33,5.7892067,0.66401759,331.697111,38.045405,2.3687689,1002.0422,8.2243333,1.6856891,0.93987371,-0.0023024032,0.1981823,8.2243333,1.6856891,6.8640084,1.406872,11.704179,0.21269,0.2035,0.011561,0.063515,33.316876,0.715942,1149.072316,411.311897
4639,64212.9994,1725321563.33,2.3703915,0.91400966,135.813429,52.368896,1.8790635,332.3255,6.4129151,1.4130612,0.94513551,0.031400872,0.0712151,6.4129151,1.4130612,5.9865803,1.31912,11.917258,0.1751,0.353674,0.052902,0.101538,59.039351,0.303408,930.505713,327.803483
4676,63860.1982,1694839545.91,3.8944674,-0.69081178,223.136545,-39.580599,0.86486542,848.68947,9.8854216,1.4775894,0.95309979,-0.019032425,0.1705993,9.8854216,1.4775894,8.4447529,1.2622504,11.881789,0.18364,0.267979,0.052443,0.069115,65.898254,0.648743,1660.310417,620.951606
4681,61949.7451,1529776390.48,5.9331115,0.6420981,339.942248,36.789511,2.4621056,688.34155,16.075471,1.3106825,0.90002505,0.0015803262,0.1409056,16.075471,1.3106825,14.0900975,1.1488089,11.961734,0.16181,0.066252,0.006553,0.019098,22.954947,0.777895,696.980554,161.975469
4718,62865.1905,1608870878.95,0.13731683,0.60748595,7.867675,34.806381,2.602641,433.45766,7.7160666,1.3364259,0.79602705,-0.048318928,0.0916074,7.7160666,1.3364259,7.0685364,1.2242734,11.951909,0.16512,0.141605,0.034148,0.034698,56.834808,0.858247,396.314765,78.281919
4731,62777.4679,1601291640.47,1.3101036,-1.3774583,75.063407,-78.922547,1.9134802,744.58552,15.19041,1.4063383,0.91482494,-0.0063061616,0.1514271,15.19041,1.4063383,13.1926807,1.2213872,11.919862,0.17423,0.078627,0.007822,0.022651,67.868391,0.336016,2169.608144,668.232353
4744,64087.6185,1714488658.69,3.9873921,-0.94550947,228.460739,-54.173702,2.0277343,625.59889,6.2935457,1.3427663,0.72778328,-0.023439658,0.1290246,6.2935457,1.3427663,5.5743212,1.1893154,11.950126,0.16593,0.131345,0.026739,0.034972,71.643825,0.441202,941.342906,234.937793
4787,62418.6802,1570292384.9,3.0460386,-0.076324798,174.525156,-4.373089,2.5421663,366.97624,7.7942885,1.4508411,0.90100242,0.0047991761,0.0782609,7.7942885,1.4508411,7.228574,1.3455381,11.896998,0.18009,0.226652,0.038933,0.061067,56.2112,0.825659,464.342627,169.538991
4797,61185.4843,1463744260.53,1.3632689,-0.11021491,78.109554,-6.314849,1.521762,370.90067,8.3083214,1.2495837,0.9219862,-0.030365018,0.0790549,8.3083214,1.2495837,7.699628,1.1580353,11.983122,0.15399,0.30749,0.083924,0.071701,67.517482,0.049015,1511.191436,580.815589
4814,61763.4324,1513678979.94,0.68486276,-0.12172693,39.239746,-6.974439,2.0402417,689.12605,6.3700544,1.5694379,0.84379389,-0.016692072,0.1410532,6.3700544,1.5694379,5.5826096,1.3754292,11.816523,0.19614,0.156876,0.010233,0.051774,40.102177,0.452392,1206.063647,335.245652
4822,62317.5548,1561555155.69,3.0651815,0.40629499,175.621963,23.278988,0.96095818,793.0092,9.9743305,1.4423997,0.88496878,0.043476951,0.1603925,9.9743305,1.4423997,8.5956526,1.2430275,11.902295,0.17896,0.14349,0.028727,0.036775,52.247293,0.572735,931.155077,222.465373
4828,62332.9123,1562882038.11,0.046337821,-0.071788891,2.654962,-4.1132,2.5327241,301.80903,6.8057789,1.3509703,0.61944634,0.027554614,0.0649569,6.8057789,1.3509703,6.3906613,1.268568,11.94699,0.16699,0.05221,0.007692,0.014632,35.904347,0.820296,327.663993,74.371544
4894,63050.0038,1624838748.23,5.527906,-0.70496125,316.725683,-40.391304,0.90542074,1174.3643,7.7109677,1.6520916,0.9639607,0.023551328,0.2283353,7.7109677,1.6520916,6.2775753,1.3449842,11.742302,0.20777,0.293379,0.025296,0.089731,57.908295,0.617355,1631.360374,528.253737
4909,61612.7303,1500658311.86,6.2457816,-0.31504188,357.856925,-18.05057,0.83252372,1435.124,6.8189164,1.7531844,0.98141276,-0.012970516,0.2724837,6.8189164,1.7531844,5.3587455,1.3777657,11.619507,0.22281,0.339893,0.014219,0.117455,18.22123,0.673011,1420.951086,453.273162
4912,62140.5957,1546265887.7,5.4905373,-0.72031343,314.584615,-41.270919,2.5380942,871.94953,9.0696585,1.4631666,0.800148,-0.011755225,0.1748318,9.0696585,1.4631666,7.7199632,1.2454264,11.889048,0.18174,0.069216,0.004504,0.020805,65.46862,0.823355,878.277579,302.801948
4916,62215.7392,1552758281.64,2.8661697,-0.043684578,164.219427,-2.502942,0.4827193,712.44908,5.7911255,1.5512851,0.74469527,0.011801686,0.1454299,5.7911255,1.5512851,5.0558532,1.3543256,11.830902,0.19363,0.096513,0.00105,0.0352,74.939646,0.885736,682.523139,145.355159
4949,63981.613,1705329781.34,0.2441751,-0.2949634,13.990203,-16.900158,2.4757769,943.6235,8.2602492,1.3700374,0.88690146,-0.0017811371,0.1877627,8.2602492,1.3700374,6.9544611,1.1534606,11.93768,0.16948,0.217636,0.048905,0.054323,43.119731,0.786413,880.815738,265.431486
4959,63818.8975,1691271166.15,4.6841491,0.10420262,268.381974,5.97037,1.8993743,657.56446,9.5860103,1.4268097,0.89931678,0.030931764,0.135097,9.5860103,1.4268097,8.445102,1.2569936,11.91029,0.17691,0.181113,0.039003,0.045565,23.973023,0.322697,1204.182976,395.212566
4991,62393.464,1568113710.59,3.3462918,-0.090244375,191.728397,-5.170622,2.6389468,864.40183,6.3964547,1.491845,0.89953621,0.016836494,0.1734604,6.3964547,1.491845,5.4509337,1.2713212,11.87183,0.18557,0.251997,0.03086,0.076214,55.842887,0.876311,851.355387,194.856605
5002,62652.6338,1590505977.44,3.9280816,0.91718543,225.062497,52.550854,2.6456335,1748.01,7.5507561,1.6459917,0.9026031,0.0074001454,0.3234496,7.5507561,1.6459917,5.7053598,1.2437132,11.746888,0.20692,0.169107,0.008422,0.054061,27.157054,0.879513,1547.558426,457.493601
5034,61651.3375,1503993978.21,1.9546238,1.3534571,111.991694,77.54738,2.2292735,391.92558,5.6896182,1.5288293,0.82159912,0.028992546,0.0832955,5.6896182,1.5288293,5.2521385,1.4112763,11.847241,0.19056,0.169892,0.013126,0.057904,19.721315,0.611913,544.748655,94.693568
5071,62750.884,1598994797.22,2.1013337,-0.38771718,120.397552,-22.214558,2.6673014,2418.988,7.5600913,1.8235389,0.97008564,-0.026504122,0.426889,7.5600913,1.8235389,5.2983037,1.2779823,11.50961,0.23397,0.246351,0.000619,0.085912,45.459376,0.889617,2119.020354,590.852005
5075,61499.0478,1490836146.96,4.7181785,0.47681665,270.331715,27.319582,2.0069997,575.90182,21.716626,1.3770766,0.97844033,0.043941851,0.119501,21.716626,1.3770766,19.3984872,1.2300807,11.934666,0.17039,0.146397,0.040082,0.03401,54.335908,0.422501,988.635374,239.931803
5083,61045.7239,1451668963.82,0.50011145,-0.15161801,28.654275,-8.687072,2.2762454,1007.8648,6.4699192,1.5483235,0.80446543,-0.028296127,0.1992151,6.4699192,1.5483235,5.3951282,1.2911141,11.83263,0.19323,0.122309,0.007082,0.040145,24.053093,0.648376,1683.608072,498.377275
5100,61840.6468,1520350302.12,5.2487559,-0.73741386,300.731561,-42.250702,1.2582621,604.5899,8.1971187,1.4717664,0.88854376,-0.015414856,0.1250111,8.1971187,1.4717664,7.2862561,1.3082239,11.884726,0.18287,0.189326,0.031487,0.051132,59.145668,0.307471,1088.898651,365.033084
5119,61559.2808,1496040276.48,3.6566948,0.83071768,209.513179,47.596617,1.7715807,471.77609,6.3507683,1.4758643,0.67934418,0.020710329,0.0992021,6.3507683,1.4758643,5.7776167,1.3426688,11.882686,0.18341,0.061879,0.000918,0.02098,41.505305,0.199438,866.538689,253.143799
5195,62335.9286,1563142651.48,1.9034102,-0.40004016,109.057371,-22.920613,0.48188278,353.31061,6.374644,1.3347913,0.84039438,-0.014216075,0.0754897,6.374644,1.3347913,5.9272016,1.241101,11.952555,0.16491,0.226833,0.044757,0.060565,70.051598,0.886124,344.734021,57.205946
5229,63952.1383,1702783167.81,0.46085494,0.61738888,26.405043,35.373777,1.1778237,184.46107,5.2466742,1.4172041,0.65885065,-0.0099392857,0.0403982,5.2466742,1.4172041,5.0429481,1.3621747,11.915292,0.17564,0.102316,0.011408,0.033677,40.494065,0.382936,260.819562,77.762656
5237,61758.5034,1513253111.26,2.3566233,1.0709864,135.024569,61.363001,0.82945419,769.85472,6.4957889,1.5981603,0.89240169,0.047450964,0.1561161,6.4957889,1.5981603,5.6186304,1.3823528,11.792311,0.20013,0.203118,0.014212,0.06665,34.378436,0.675278,950.162612,282.912087
5315,63531.6542,1666453337.23,0.47735131,-0.024677187,27.350215,-1.413899,1.2957218,492.74696,5.5612484,1.4946295,0.98206992,0.01219264,0.1033294,5.5612484,1.4946295,5.0404245,1.354654,11.8698,0.18595,0.448656,0.044206,0.149408,20.575297,0.271619,1131.344344,339.220055
5319,63881.5029,1696680265.63,1.3754545,-1.3070781,78.807738,-74.890059,0.79476913,1313.7541,11.712322,1.6107511,0.95503406,0.014243612,0.2521416,11.712322,1.6107511,9.3538318,1.2863969,11.781303,0.2019,0.178304,0.022389,0.049927,47.427354,0.70045,1310.072041,442.338231
5353,63849.2244,1693891407.8,6.1121411,0.17602405,350.199889,10.085435,0.20726827,1374.9861,8.2408744,1.6995025,0.96331537,-0.040681362,0.2624474,8.2408744,1.6995025,6.5276972,1.3461967,11.688141,0.21472,0.25898,0.017906,0.079889,73.750391,0.978597,1173.963008,311.4394
5373,62734.5338,1597582141.3,1.6978035,0.71441544,97.276975,40.93299,2.5080897,824.95262,6.6467929,1.5384337,0.86545046,0.035129379,0.1662611,6.6467929,1.5384337,5.6992322,1.319116,11.840291,0.19187,0.183397,0.017983,0.056836,19.276789,0.805959,1092.50324,373.511965
5386,61271.1976,1471149886.72,5.9872338,0.44271782,343.043228,25.365863,2.4414969,882.52936,6.2466569,1.5823776,0.87378336,0.04463426,0.1767511,6.2466569,1.5823776,5.3083929,1.3447004,11.806055,0.19793,0.191339,0.013204,0.063756,24.463236,0.76478,949.850994,318.475313
5392,63331.3117,1649143750.18,4.4176415,0.49971208,253.112213,28.631393,0.18208581,738.33037,5.7924131,1.3870645,0.69312904,0.01230314,0.1502628,5.7924131,1.3870645,5.0357302,1.2058675,11.929255,0.17171,0.11245,0.017429,0.033114,63.021792,0.983468,635.324049,158.856676
5397,64410.5434,1742389366.96,1.1456854,0.69579092,65.642938,39.865883,0.61924811,507.48979,6.9180337,1.4364652,0.68806557,0.011697949,0.1062189,6.9180337,1.4364652,6.2537658,1.2985362,11.904331,0.17819,0.060703,0.003865,0.018866,32.195286,0.814315,545.565591,85.348072
5421,62548.8392,1581538124.53,1.7321932,-0.34683905,99.24736,-19.872414,0.49347469,525.10748,6.6612194,1.3833098,0.73222835,-0.0049297678,0.109659,6.6612194,1.3833098,6.0029429,1.246608,11.931138,0.17121,0.110576,0.019811,0.030129,50.69742,0.880692,550.920151,119.925892
5424,63260.7153,1643044222.08,2.7605952,0.82911873,158.170454,47.505004,2.0455392,445.02856,7.2284169,1.3829236,0.70467737,0.031811793,0.0939081,7.2284169,1.3829236,6.6078831,1.2642046,11.931354,0.17116,0.075597,0.012305,0.02067,50.773882,0.45711,840.222849,301.424477
5427,64228.2493,1726639154.19,3.3088188,0.6851194,189.581352,39.25445,1.0002337,990.09076,7.1258381,1.5330721,0.81979747,-0.049625688,0.1960591,7.1258381,1.5330721,5.9577642,1.2817695,11.844779,0.19113,0.120889,0.009656,0.037275,52.999015,0.540106,1546.875392,583.622808
5440,63750.3175,1685345852.97,1.4666255,0.4863149,84.031451,27.863791,2.1632983,292.92411,7.2174495,1.3596,0.80537852,-0.044378624,0.0631252,7.2174495,1.3596,6.7888986,1.278871,11.942097,0.16812,0.158556,0.03384,0.040637,37.667596,0.558438,412.664619,75.927887
