head,dim,component,omega_scaled,period_scaled,period_days,dim_name
0,0,linear,,,,dim_000
0,1,periodic,5.089572906494141,1.2345211505889893,123.45211505889893,dim_001
0,2,periodic,5.933960437774658,1.058851957321167,105.8851957321167,dim_002
0,3,periodic,6.055304527282715,1.0376332998275757,103.76332998275757,dim_003
0,4,periodic,6.8278632164001465,0.9202272295951843,92.02272295951843,dim_004
0,5,periodic,6.4660491943359375,0.9717193841934204,97.17193841934204,dim_005
0,6,periodic,6.4745707511901855,0.9704404473304749,97.04404473304749,dim_006
0,7,periodic,9.26523494720459,0.6781463623046875,67.81463623046875,dim_007
0,8,periodic,7.4221601486206055,0.8465440273284912,84.65440273284912,dim_008
0,9,periodic,11.14119815826416,0.5639595985412598,56.39595985412598,dim_009
0,10,periodic,10.880424499511719,0.5774761438369751,57.74761438369751,dim_010
0,11,periodic,13.34753131866455,0.47073763608932495,47.073763608932495,dim_011
0,12,periodic,13.153609275817871,0.47767767310142517,47.76776731014252,dim_012
0,13,periodic,13.966754913330078,0.44986724853515625,44.986724853515625,dim_013
0,14,periodic,13.72262191772461,0.45787063241004944,45.787063241004944,dim_014
0,15,periodic,13.329615592956543,0.4713703393936157,47.13703393936157,dim_015
0,16,periodic,17.15873908996582,0.3661799132823944,36.61799132823944,dim_016
0,17,periodic,17.743871688842773,0.35410454869270325,35.410454869270325,dim_017
0,18,periodic,22.766010284423828,0.27598974108695984,27.598974108695984,dim_018
0,19,periodic,18.266862869262695,0.3439663052558899,34.39663052558899,dim_019
0,20,periodic,24.805828094482422,0.2532947361469269,25.329473614692688,dim_020
0,21,periodic,25.18452262878418,0.24948598444461823,24.948598444461823,dim_021
0,22,periodic,25.3170108795166,0.24818038940429688,24.818038940429688,dim_022
0,23,periodic,29.2653865814209,0.21469682455062866,21.469682455062866,dim_023
0,24,periodic,34.52482986450195,0.1819903403520584,18.19903403520584,dim_024
0,25,periodic,24.653121948242188,0.2548636794090271,25.48636794090271,dim_025
0,26,periodic,34.59572982788086,0.1816173642873764,18.16173642873764,dim_026
0,27,periodic,31.598705291748047,0.19884313642978668,19.884313642978668,dim_027
0,28,periodic,42.263694763183594,0.14866626262664795,14.866626262664795,dim_028
0,29,periodic,46.885799407958984,0.1340104192495346,13.40104192495346,dim_029
0,30,periodic,46.00021743774414,0.13659034669399261,13.659034669399261,dim_030
0,31,periodic,48.94705581665039,0.12836697697639465,12.836697697639465,dim_031
0,32,periodic,49.490867614746094,0.12695646286010742,12.695646286010742,dim_032
0,33,periodic,48.78024673461914,0.12880593538284302,12.880593538284302,dim_033
0,34,periodic,62.530921936035156,0.10048125684261322,10.048125684261322,dim_034
0,35,periodic,64.42781829833984,0.09752286225557327,9.752286225557327,dim_035
0,36,periodic,60.20646286010742,0.10436064749956131,10.436064749956131,dim_036
0,37,periodic,64.83023071289062,0.096917524933815,9.6917524933815,dim_037
0,38,periodic,79.20462036132812,0.0793285220861435,7.932852208614349,dim_038
0,39,periodic,87.87157440185547,0.07150419056415558,7.150419056415558,dim_039
0,40,periodic,92.83100128173828,0.0676841288805008,6.768412888050079,dim_040
0,41,periodic,90.54383087158203,0.06939385831356049,6.939385831356049,dim_041
0,42,periodic,107.5480728149414,0.058422110974788666,5.842211097478867,dim_042
0,43,periodic,102.02869415283203,0.0615825317800045,6.15825317800045,dim_043
0,44,periodic,128.35040283203125,0.048953376710414886,4.895337671041489,dim_044
0,45,periodic,123.36528778076172,0.050931550562381744,5.093155056238174,dim_045
0,46,periodic,148.69422912597656,0.042255744338035583,4.225574433803558,dim_046
0,47,periodic,151.5086669921875,0.04147079959511757,4.147079959511757,dim_047
0,48,periodic,164.31544494628906,0.03823855519294739,3.8238555192947388,dim_048
0,49,periodic,179.7970428466797,0.03494598716497421,3.4945987164974213,dim_049
0,50,periodic,199.90599060058594,0.03143070265650749,3.143070265650749,dim_050
0,51,periodic,202.2432403564453,0.031067468225955963,3.1067468225955963,dim_051
0,52,periodic,214.1716766357422,0.029337145388126373,2.9337145388126373,dim_052
0,53,periodic,277.46405029296875,0.022645043209195137,2.2645043209195137,dim_053
0,54,periodic,266.1143798828125,0.02361084520816803,2.361084520816803,dim_054
0,55,periodic,293.3470764160156,0.021418947726488113,2.1418947726488113,dim_055
0,56,periodic,324.2975769042969,0.019374752417206764,1.9374752417206764,dim_056
0,57,periodic,358.63739013671875,0.017519604414701462,1.7519604414701462,dim_057
0,58,periodic,403.910400390625,0.01555588934570551,1.555588934570551,dim_058
0,59,periodic,344.90545654296875,0.018217124044895172,1.8217124044895172,dim_059
0,60,periodic,434.7498779296875,0.014452414587140083,1.4452414587140083,dim_060
0,61,periodic,488.65234375,0.012858191505074501,1.28581915050745,dim_061
0,62,periodic,583.5633544921875,0.010766929015517235,1.0766929015517235,dim_062
0,63,periodic,520.9981079101562,0.012059900909662247,1.2059900909662247,dim_063
1,0,linear,,,,dim_000
1,1,periodic,9.807016372680664,0.6406826972961426,64.06826972961426,dim_001
1,2,periodic,5.5342535972595215,1.135326623916626,113.5326623916626,dim_002
1,3,periodic,4.92762565612793,1.275093913078308,127.50939130783081,dim_003
1,4,periodic,5.529719829559326,1.136257529258728,113.6257529258728,dim_004
1,5,periodic,5.7128520011901855,1.099833369255066,109.98333692550659,dim_005
1,6,periodic,5.800926208496094,1.0831348896026611,108.31348896026611,dim_006
1,7,periodic,13.918270111083984,0.4514343738555908,45.14343738555908,dim_007
1,8,periodic,8.126818656921387,0.7731420993804932,77.31420993804932,dim_008
1,9,periodic,11.445246696472168,0.5489777326583862,54.89777326583862,dim_009
1,10,periodic,12.43895435333252,0.505121648311615,50.5121648311615,dim_010
1,11,periodic,8.614418029785156,0.7293801307678223,72.93801307678223,dim_011
1,12,periodic,14.698403358459473,0.4274740219116211,42.74740219116211,dim_012
1,13,periodic,18.13768768310547,0.34641602635383606,34.641602635383606,dim_013
1,14,periodic,10.378924369812012,0.6053792238235474,60.537922382354736,dim_014
1,15,periodic,15.827887535095215,0.3969692885875702,39.69692885875702,dim_015
1,16,periodic,15.773672103881836,0.39833372831344604,39.833372831344604,dim_016
1,17,periodic,14.824333190917969,0.4238426983356476,42.38426983356476,dim_017
1,18,periodic,18.28801155090332,0.3435685336589813,34.35685336589813,dim_018
1,19,periodic,19.831348419189453,0.31683096289634705,31.683096289634705,dim_019
1,20,periodic,23.312898635864258,0.26951542496681213,26.951542496681213,dim_020
1,21,periodic,21.7393798828125,0.289023220539093,28.9023220539093,dim_021
1,22,periodic,24.633644104003906,0.2550652027130127,25.50652027130127,dim_022
1,23,periodic,30.817949295043945,0.20388071238994598,20.3880712389946,dim_023
1,24,periodic,37.99354934692383,0.16537505388259888,16.537505388259888,dim_024
1,25,periodic,29.244638442993164,0.21484914422035217,21.484914422035217,dim_025
1,26,periodic,28.867273330688477,0.21765774488449097,21.765774488449097,dim_026
1,27,periodic,33.62967300415039,0.18683457374572754,18.683457374572754,dim_027
1,28,periodic,41.39047622680664,0.1518026888370514,15.18026888370514,dim_028
1,29,periodic,46.92601013183594,0.13389557600021362,13.389557600021362,dim_029
1,30,periodic,36.169715881347656,0.17371398210525513,17.371398210525513,dim_030
1,31,periodic,54.70729446411133,0.1148509606719017,11.48509606719017,dim_031
1,32,periodic,47.358028411865234,0.13267414271831512,13.267414271831512,dim_032
1,33,periodic,58.04559326171875,0.10824569314718246,10.824569314718246,dim_033
1,34,periodic,55.03019714355469,0.11417704820632935,11.417704820632935,dim_034
1,35,periodic,61.031089782714844,0.1029505729675293,10.29505729675293,dim_035
1,36,periodic,72.85236358642578,0.08624545484781265,8.624545484781265,dim_036
1,37,periodic,66.96846008300781,0.09382305294275284,9.382305294275284,dim_037
1,38,periodic,89.1298828125,0.07049471139907837,7.049471139907837,dim_038
1,39,periodic,78.09317016601562,0.08045755326747894,8.045755326747894,dim_039
1,40,periodic,91.5982894897461,0.06859500706195831,6.859500706195831,dim_040
1,41,periodic,83.71316528320312,0.07505612075328827,7.505612075328827,dim_041
1,42,periodic,107.32302856445312,0.058544617146253586,5.854461714625359,dim_042
1,43,periodic,114.98678588867188,0.05464267358183861,5.464267358183861,dim_043
1,44,periodic,126.54278564453125,0.04965265840291977,4.965265840291977,dim_044
1,45,periodic,135.01353454589844,0.04653744772076607,4.653744772076607,dim_045
1,46,periodic,153.1975555419922,0.04101361334323883,4.101361334323883,dim_046
1,47,periodic,161.71151733398438,0.03885428607463837,3.8854286074638367,dim_047
1,48,periodic,167.3848114013672,0.03753736987709999,3.753736987709999,dim_048
1,49,periodic,186.32452392578125,0.03372173011302948,3.372173011302948,dim_049
1,50,periodic,201.093994140625,0.031245017424225807,3.1245017424225807,dim_050
1,51,periodic,213.2618408203125,0.029462305828928947,2.9462305828928947,dim_051
1,52,periodic,257.26348876953125,0.024423152208328247,2.4423152208328247,dim_052
1,53,periodic,242.8971405029297,0.025867680087685585,2.5867680087685585,dim_053
1,54,periodic,236.4708709716797,0.026570653542876244,2.6570653542876244,dim_054
1,55,periodic,282.85089111328125,0.022213773801922798,2.22137738019228,dim_055
1,56,periodic,304.6108703613281,0.02062692493200302,2.062692493200302,dim_056
1,57,periodic,357.87188720703125,0.01755708083510399,1.7557080835103989,dim_057
1,58,periodic,368.95477294921875,0.017029689624905586,1.7029689624905586,dim_058
1,59,periodic,358.2369384765625,0.017539190128445625,1.7539190128445625,dim_059
1,60,periodic,458.1114196777344,0.013715408742427826,1.3715408742427826,dim_060
1,61,periodic,482.4288635253906,0.01302406657487154,1.302406657487154,dim_061
1,62,periodic,533.13427734375,0.011785371229052544,1.1785371229052544,dim_062
1,63,periodic,637.5751342773438,0.009854815900325775,0.9854815900325775,dim_063
2,0,linear,,,,dim_000
2,1,periodic,5.018153667449951,1.2520910501480103,125.20910501480103,dim_001
2,2,periodic,12.927861213684082,0.48601895570755005,48.601895570755005,dim_002
2,3,periodic,6.730709075927734,0.9335101842880249,93.35101842880249,dim_003
2,4,periodic,7.91595458984375,0.7937369346618652,79.37369346618652,dim_004
2,5,periodic,7.054948329925537,0.8906068801879883,89.06068801879883,dim_005
2,6,periodic,6.890862941741943,0.9118140339851379,91.1814033985138,dim_006
2,7,periodic,7.060616970062256,0.8898918628692627,88.98918628692627,dim_007
2,8,periodic,8.754666328430176,0.7176955938339233,71.76955938339233,dim_008
2,9,periodic,8.18875789642334,0.7672941088676453,76.72941088676453,dim_009
2,10,periodic,10.195287704467773,0.6162832975387573,61.62832975387573,dim_010
2,11,periodic,11.390335083007812,0.5516242980957031,55.16242980957031,dim_011
2,12,periodic,7.924258232116699,0.7929052114486694,79.29052114486694,dim_012
2,13,periodic,7.120795249938965,0.8823713064193726,88.23713064193726,dim_013
2,14,periodic,6.838748455047607,0.9187625050544739,91.87625050544739,dim_014
2,15,periodic,19.108495712280273,0.32881632447242737,32.88163244724274,dim_015
2,16,periodic,12.478266716003418,0.5035303235054016,50.35303235054016,dim_016
2,17,periodic,16.923526763916016,0.3712692856788635,37.12692856788635,dim_017
2,18,periodic,14.064265251159668,0.4467482268810272,44.67482268810272,dim_018
2,19,periodic,23.122268676757812,0.2717374265193939,27.173742651939392,dim_019
2,20,periodic,17.250635147094727,0.3642292320728302,36.42292320728302,dim_020
2,21,periodic,26.377885818481445,0.23819898068904877,23.819898068904877,dim_021
2,22,periodic,18.640911102294922,0.33706429600715637,33.70642960071564,dim_022
2,23,periodic,21.393674850463867,0.2936936020851135,29.369360208511353,dim_023
2,24,periodic,21.207059860229492,0.2962779998779297,29.62779998779297,dim_024
2,25,periodic,22.091358184814453,0.2844182550907135,28.44182550907135,dim_025
2,26,periodic,28.477603912353516,0.2206360250711441,22.06360250711441,dim_026
2,27,periodic,34.73473358154297,0.18089056015014648,18.08905601501465,dim_027
2,28,periodic,34.72900390625,0.18092040717601776,18.092040717601776,dim_028
2,29,periodic,42.253074645996094,0.14870363473892212,14.870363473892212,dim_029
2,30,periodic,43.618865966796875,0.14404742419719696,14.404742419719696,dim_030
2,31,periodic,48.68178176879883,0.12906646728515625,12.906646728515625,dim_031
2,32,periodic,54.14948272705078,0.11603408306837082,11.603408306837082,dim_032
2,33,periodic,44.47807693481445,0.14126478135585785,14.126478135585785,dim_033
2,34,periodic,61.24872589111328,0.10258475691080093,10.258475691080093,dim_034
2,35,periodic,64.09953308105469,0.09802232682704926,9.802232682704926,dim_035
2,36,periodic,61.942169189453125,0.1014363169670105,10.14363169670105,dim_036
2,37,periodic,76.13721466064453,0.08252450078725815,8.252450078725815,dim_037
2,38,periodic,62.27406311035156,0.1008957028388977,10.08957028388977,dim_038
2,39,periodic,87.82959747314453,0.07153835892677307,7.153835892677307,dim_039
2,40,periodic,89.08119201660156,0.07053324580192566,7.053324580192566,dim_040
2,41,periodic,97.3416519165039,0.06454776227474213,6.454776227474213,dim_041
2,42,periodic,107.37999725341797,0.05851355567574501,5.851355567574501,dim_042
2,43,periodic,97.76402282714844,0.06426889449357986,6.4268894493579865,dim_043
2,44,periodic,128.50802612304688,0.04889333248138428,4.889333248138428,dim_044
2,45,periodic,139.27719116210938,0.04511281102895737,4.511281102895737,dim_045
2,46,periodic,151.72959899902344,0.0414104126393795,4.14104126393795,dim_046
2,47,periodic,133.91448974609375,0.046919383108615875,4.6919383108615875,dim_047
2,48,periodic,162.07217407226562,0.038767822086811066,3.8767822086811066,dim_048
2,49,periodic,176.80618286132812,0.03553713485598564,3.553713485598564,dim_049
2,50,periodic,190.41610717773438,0.03299713134765625,3.299713134765625,dim_050
2,51,periodic,238.2711181640625,0.02636989951133728,2.636989951133728,dim_051
2,52,periodic,212.68136596679688,0.029542718082666397,2.9542718082666397,dim_052
2,53,periodic,238.80877685546875,0.026310529559850693,2.6310529559850693,dim_053
2,54,periodic,305.8022155761719,0.0205465666949749,2.05465666949749,dim_054
2,55,periodic,302.317626953125,0.02078339084982872,2.078339084982872,dim_055
2,56,periodic,389.10455322265625,0.016147807240486145,1.6147807240486145,dim_056
2,57,periodic,339.59283447265625,0.018502114340662956,1.8502114340662956,dim_057
2,58,periodic,361.6074523925781,0.017375707626342773,1.7375707626342773,dim_058
2,59,periodic,452.67535400390625,0.013880114071071148,1.3880114071071148,dim_059
2,60,periodic,427.0083923339844,0.014714431017637253,1.4714431017637253,dim_060
2,61,periodic,574.4730224609375,0.010937303304672241,1.0937303304672241,dim_061
2,62,periodic,631.327880859375,0.009952332824468613,0.9952332824468613,dim_062
2,63,periodic,607.916748046875,0.01033560186624527,1.033560186624527,dim_063
3,0,linear,,,,dim_000
3,1,periodic,5.937987327575684,1.058133840560913,105.81338405609131,dim_001
3,2,periodic,5.255542755126953,1.1955350637435913,119.55350637435913,dim_002
3,3,periodic,5.575955390930176,1.1268357038497925,112.68357038497925,dim_003
3,4,periodic,6.11819314956665,1.0269675254821777,102.69675254821777,dim_004
3,5,periodic,6.394035816192627,0.9826634526252747,98.26634526252747,dim_005
3,6,periodic,5.477171897888184,1.1471587419509888,114.71587419509888,dim_006
3,7,periodic,7.828580856323242,0.8025957345962524,80.25957345962524,dim_007
3,8,periodic,8.108613967895508,0.7748778462409973,77.48778462409973,dim_008
3,9,periodic,10.101243019104004,0.6220210194587708,62.202101945877075,dim_009
3,10,periodic,9.36247444152832,0.6711030602455139,67.11030602455139,dim_010
3,11,periodic,11.905187606811523,0.5277687311172485,52.77687311172485,dim_011
3,12,periodic,9.58066177368164,0.6558195948600769,65.58195948600769,dim_012
3,13,periodic,12.028934478759766,0.5223393440246582,52.23393440246582,dim_013
3,14,periodic,19.3651065826416,0.32445913553237915,32.445913553237915,dim_014
3,15,periodic,11.733850479125977,0.5354751348495483,53.547513484954834,dim_015
3,16,periodic,16.136497497558594,0.38937726616859436,38.937726616859436,dim_016
3,17,periodic,17.235904693603516,0.3645405173301697,36.45405173301697,dim_017
3,18,periodic,22.287023544311523,0.28192123770713806,28.192123770713806,dim_018
3,19,periodic,20.57981300354004,0.30530819296836853,30.530819296836853,dim_019
3,20,periodic,20.814741134643555,0.30186229944229126,30.186229944229126,dim_020
3,21,periodic,18.40038299560547,0.3414703607559204,34.14703607559204,dim_021
3,22,periodic,21.46017837524414,0.2927834689617157,29.27834689617157,dim_022
3,23,periodic,23.048877716064453,0.2726026773452759,27.260267734527588,dim_023
3,24,periodic,32.804500579833984,0.19153425097465515,19.153425097465515,dim_024
3,25,periodic,36.22969055175781,0.17342641949653625,17.342641949653625,dim_025
3,26,periodic,31.14295768737793,0.20175300538539886,20.175300538539886,dim_026
3,27,periodic,46.148109436035156,0.13615261018276215,13.615261018276215,dim_027
3,28,periodic,30.87618637084961,0.20349615812301636,20.349615812301636,dim_028
3,29,periodic,31.436725616455078,0.19986768066883087,19.986768066883087,dim_029
3,30,periodic,41.93465805053711,0.14983275532722473,14.983275532722473,dim_030
3,31,periodic,44.07965850830078,0.14254161715507507,14.254161715507507,dim_031
3,32,periodic,48.72464370727539,0.12895293533802032,12.895293533802032,dim_032
3,33,periodic,57.34225845336914,0.10957338660955429,10.957338660955429,dim_033
3,34,periodic,51.398277282714844,0.12224505841732025,12.224505841732025,dim_034
3,35,periodic,64.71208953857422,0.09709446132183075,9.709446132183075,dim_035
3,36,periodic,64.79421997070312,0.09697138518095016,9.697138518095016,dim_036
3,37,periodic,72.05821990966797,0.08719595521688461,8.719595521688461,dim_037
3,38,periodic,87.76997375488281,0.0715869590640068,7.1586959064006805,dim_038
3,39,periodic,86.51143646240234,0.07262837886810303,7.262837886810303,dim_039
3,40,periodic,106.69622802734375,0.05888854339718819,5.888854339718819,dim_040
3,41,periodic,100.74635314941406,0.06236638128757477,6.236638128757477,dim_041
3,42,periodic,106.58089447021484,0.058952268213033676,5.895226821303368,dim_042
3,43,periodic,120.69310760498047,0.05205919221043587,5.205919221043587,dim_043
3,44,periodic,116.93682098388672,0.05373145639896393,5.373145639896393,dim_044
3,45,periodic,169.6627197265625,0.03703339025378227,3.7033390253782272,dim_045
3,46,periodic,157.39466857910156,0.03991993889212608,3.9919938892126083,dim_046
3,47,periodic,143.59600830078125,0.04375598952174187,4.375598952174187,dim_047
3,48,periodic,184.39024353027344,0.034075476229190826,3.4075476229190826,dim_048
3,49,periodic,212.47093200683594,0.029571976512670517,2.9571976512670517,dim_049
3,50,periodic,199.8962860107422,0.03143222630023956,3.1432226300239563,dim_050
3,51,periodic,205.32106018066406,0.030601758509874344,3.0601758509874344,dim_051
3,52,periodic,233.2911376953125,0.02693280763924122,2.693280763924122,dim_052
3,53,periodic,252.30224609375,0.02490340732038021,2.490340732038021,dim_053
3,54,periodic,282.2793273925781,0.022258751094341278,2.225875109434128,dim_054
3,55,periodic,311.556884765625,0.02016705647110939,2.016705647110939,dim_055
3,56,periodic,345.9906311035156,0.018159987404942513,1.8159987404942513,dim_056
3,57,periodic,416.7225341796875,0.015077623538672924,1.5077623538672924,dim_057
3,58,periodic,369.2448425292969,0.01701631210744381,1.701631210744381,dim_058
3,59,periodic,396.78424072265625,0.015835270285606384,1.5835270285606384,dim_059
3,60,periodic,468.6271057128906,0.013407643884420395,1.3407643884420395,dim_060
3,61,periodic,630.9015502929688,0.009959058836102486,0.9959058836102486,dim_061
3,62,periodic,630.4939575195312,0.009965497069060802,0.9965497069060802,dim_062
3,63,periodic,662.6714477539062,0.009481599554419518,0.9481599554419518,dim_063
